,COU.AG.ALPHA,COU.AG.DELTA,COU.AG.EPOCH,COU.AG.EQUINOX,COU.AG.PMA,COU.AG.PMD,COU.GS.MAG,DEL.REF.NAME,DEL.REF.OPL,DET1.APOTYPE.VAL,DET1.APOX.VAL,DET1.APOY.VAL,DET1.DIT,DET1.INTERFX.VAL,DET1.INTERFY.VAL,DET1.NCOHERENT.VAL,DET1.NINCOHERENT.VAL,DET1.SNRLIMIT.VAL,DET1.WLMAXCUT.VAL,DET1.WLMINCUT.VAL,DET2.APOTYPE.VAL,DET2.APOX.VAL,DET2.APOY.VAL,DET2.DIT,DET2.INTERFX.VAL,DET2.INTERFY.VAL,DET2.NCOHERENT.VAL,DET2.NDIT.SKY,DET2.NINCOHERENT.VAL,DET2.SNRLIMIT.VAL,DET2.WLMAXCUT.VAL,DET2.WLMINCUT.VAL,INS.STSOFFANG,SEQ.ACQ.DET1.DIT,SEQ.ACQ.DET2.DIT,SEQ.ACQ.SKY.DURATION,SEQ.ACQ.TARG.DURATION,SEQ.DIL.WL0,SEQ.FI.HMAG,SEQ.OPDM.L.WLMAX,SEQ.OPDM.N.WLMAX,SEQ.PUP.DET1.DIT,SEQ.PUP.SKY.DURATION,SEQ.PUP.TARG.DURATION,SEQ.SKY.OFFS.ALPHA,SEQ.SKY.OFFS.DELTA,SEQ.SKY.X,SEQ.SKY.Y,SEQ.TARG.FLUX.L,SEQ.TARG.FLUX.N,SEQ.TARG.MAG.K,TEL.GS1.ALPHA,TEL.GS1.DELTA,TEL.GS1.MAG,TEL.TARG.ADDVELALPHA,TEL.TARG.ADDVELDELTA,TEL.TARG.ALPHA,TEL.TARG.DELTA,TEL.TARG.EQUINOX,TEL.TARG.PMA,TEL.TARG.PMD
2475,0.0,0.0,2000.0,2000.0,0.0,0.0,0.0,1.0,30.0,0.0,512.0,512.0,0.7,512.0,512.0,1.0,1.0,5.0,4.8,3.0,0.0,512.0,512.0,0.3,512.0,512.0,20.0,1.0,1.0,5.0,10.0,8.0,90.0,0.005,0.005,10.0,10.0,3.5,0.0,4.0,13.0,0.06,10.0,10.0,1.0,15.0,2000.0,2000.0,3000.0,300.0,0.0,0.0,0.0,12.0,0.0,0.0,100000.0,-450000.0,2000.0,250.0,0.0
2476,0.0,0.0,2000.0,2000.0,0.0,0.0,0.0,1.0,30.0,0.0,512.0,512.0,0.7,512.0,512.0,1.0,1.0,5.0,4.8,3.0,0.0,512.0,512.0,0.3,512.0,512.0,20.0,1.0,1.0,5.0,10.0,8.0,90.0,0.005,0.005,10.0,10.0,3.5,0.0,4.0,13.0,0.06,10.0,10.0,1.0,15.0,2000.0,2000.0,3000.0,300.0,0.0,0.0,0.0,12.0,0.0,0.0,100000.0,-450000.0,2000.0,250.0,0.0
2477,0.0,0.0,2000.0,2000.0,0.0,0.0,0.0,1.0,30.0,0.0,512.0,512.0,0.7,512.0,512.0,1.0,1.0,5.0,4.8,3.0,0.0,512.0,512.0,0.3,512.0,512.0,20.0,1.0,1.0,5.0,10.0,8.0,90.0,0.005,0.005,10.0,10.0,3.5,0.0,4.0,13.0,0.06,10.0,10.0,1.0,15.0,2000.0,2000.0,3000.0,300.0,0.0,0.0,0.0,12.0,0.0,0.0,100000.0,-450000.0,2000.0,250.0,0.0
2478,0.0,0.0,2000.0,2000.0,0.0,0.0,0.0,1.0,30.0,0.0,512.0,512.0,0.7,512.0,512.0,1.0,1.0,5.0,4.8,3.0,0.0,512.0,512.0,0.3,512.0,512.0,20.0,1.0,1.0,5.0,10.0,8.0,90.0,0.005,0.005,10.0,10.0,3.5,0.0,4.0,13.0,0.06,10.0,10.0,1.0,15.0,2000.0,2000.0,3000.0,300.0,0.0,0.0,0.0,12.0,0.0,0.0,100000.0,-450000.0,2000.0,250.0,0.0
2480,0.0,0.0,2000.0,2000.0,0.0,0.0,0.0,1.0,30.0,0.0,512.0,512.0,0.7,512.0,512.0,1.0,1.0,5.0,4.8,3.0,0.0,512.0,512.0,0.3,512.0,512.0,20.0,1.0,1.0,5.0,10.0,8.0,90.0,0.005,0.005,10.0,10.0,3.5,0.0,4.0,13.0,0.06,10.0,10.0,1.0,15.0,2000.0,2000.0,3000.0,300.0,0.0,0.0,0.0,12.0,0.0,0.0,100000.0,-450000.0,2000.0,250.0,0.0
2483,0.0,0.0,2000.0,2000.0,0.0,0.0,0.0,1.0,30.0,0.0,512.0,512.0,0.7,512.0,512.0,1.0,1.0,5.0,4.8,3.0,0.0,512.0,512.0,0.3,512.0,512.0,20.0,1.0,1.0,5.0,10.0,8.0,90.0,0.005,0.005,10.0,10.0,3.5,0.0,4.0,13.0,0.06,10.0,10.0,1.0,15.0,2000.0,2000.0,3000.0,300.0,0.0,0.0,0.0,12.0,0.0,0.0,120821.522,-504320.69,2000.0,-0.04011,-0.001557
2484,0.0,0.0,2000.0,2000.0,0.0,0.0,0.0,1.0,30.0,0.0,512.0,512.0,0.7,512.0,512.0,1.0,1.0,5.0,5.0,3.0,0.0,512.0,512.0,0.3,512.0,512.0,20.0,1.0,1.0,5.0,9.0,8.0,90.0,0.005,0.005,10.0,10.0,3.5,0.0,4.0,13.0,0.06,10.0,10.0,1.0,15.0,2000.0,2000.0,3000.0,300.0,0.0,0.0,0.0,12.0,0.0,0.0,120821.522,-504320.69,2000.0,-0.04011,-0.001557
2485,0.0,0.0,2000.0,2000.0,0.0,0.0,0.0,1.0,30.0,0.0,512.0,512.0,0.7,512.0,512.0,1.0,1.0,5.0,5.0,3.0,0.0,512.0,512.0,0.3,512.0,512.0,20.0,1.0,1.0,5.0,9.0,8.0,90.0,0.005,0.005,10.0,10.0,3.5,0.0,4.0,13.0,0.06,10.0,10.0,1.0,15.0,2000.0,2000.0,3000.0,300.0,0.0,0.0,0.0,12.0,0.0,0.0,120821.522,-504320.69,2000.0,-0.04011,-0.001557
2486,0.0,0.0,2000.0,2000.0,0.0,0.0,0.0,1.0,30.0,0.0,512.0,512.0,0.7,512.0,512.0,1.0,1.0,5.0,5.0,3.0,0.0,512.0,512.0,0.3,512.0,512.0,20.0,1.0,1.0,5.0,9.0,8.0,90.0,0.005,0.005,10.0,10.0,3.5,0.0,4.0,13.0,0.06,10.0,10.0,1.0,15.0,2000.0,2000.0,3000.0,300.0,0.0,0.0,0.0,12.0,0.0,0.0,120821.522,-504320.69,2000.0,-0.04011,-0.001557
2487,0.0,0.0,2000.0,2000.0,0.0,0.0,0.0,1.0,30.0,0.0,512.0,512.0,0.7,512.0,512.0,1.0,1.0,5.0,5.0,3.0,0.0,512.0,512.0,0.3,512.0,512.0,20.0,1.0,1.0,5.0,9.0,8.0,90.0,0.005,0.005,10.0,10.0,3.5,0.0,4.0,13.0,0.06,10.0,10.0,1.0,15.0,2000.0,2000.0,3000.0,300.0,0.0,0.0,0.0,12.0,0.0,0.0,120821.522,-504320.69,2000.0,-0.04011,-0.001557
2489,0.0,0.0,2000.0,2000.0,0.0,0.0,0.0,1.0,30.0,0.0,512.0,512.0,0.7,512.0,512.0,1.0,1.0,5.0,4.8,3.0,0.0,512.0,512.0,0.3,512.0,512.0,20.0,1.0,1.0,5.0,10.0,8.0,90.0,0.005,0.005,10.0,10.0,3.5,0.0,4.0,13.0,0.06,10.0,10.0,1.0,15.0,2000.0,2000.0,3000.0,300.0,0.0,0.0,0.0,12.0,0.0,0.0,120821.522,-504320.69,2000.0,-0.04011,-0.001557
2490,0.0,0.0,2000.0,2000.0,0.0,0.0,0.0,1.0,30.0,0.0,512.0,512.0,0.7,512.0,512.0,1.0,1.0,5.0,4.8,3.0,0.0,512.0,512.0,0.3,512.0,512.0,20.0,1.0,1.0,5.0,10.0,8.0,90.0,0.005,0.005,10.0,10.0,3.5,0.0,4.0,13.0,0.06,10.0,10.0,1.0,15.0,2000.0,2000.0,3000.0,300.0,0.0,0.0,0.0,12.0,0.0,0.0,120821.522,-504320.69,2000.0,-0.04011,-0.001557
2552,0.0,0.0,2000.0,2000.0,0.0,0.0,0.0,1.0,30.0,0.0,512.0,512.0,0.7,512.0,512.0,1.0,1.0,5.0,4.8,3.0,0.0,512.0,512.0,0.3,512.0,512.0,20.0,1.0,1.0,5.0,10.0,8.0,90.0,0.005,0.005,10.0,10.0,3.5,0.0,4.0,13.0,0.06,10.0,10.0,1.0,15.0,2000.0,2000.0,3000.0,300.0,0.0,0.0,0.0,12.0,0.0,0.0,120821.522,-504320.69,2000.0,-0.04011,-0.001557
2553,0.0,0.0,2000.0,2000.0,0.0,0.0,0.0,1.0,30.0,0.0,512.0,512.0,0.7,512.0,512.0,1.0,1.0,5.0,4.8,3.0,0.0,512.0,512.0,0.3,512.0,512.0,20.0,1.0,1.0,5.0,10.0,8.0,90.0,0.005,0.005,10.0,10.0,3.5,0.0,4.0,13.0,0.06,10.0,10.0,1.0,15.0,2000.0,2000.0,3000.0,300.0,0.0,0.0,0.0,12.0,0.0,0.0,120821.522,-504320.69,2000.0,-0.04011,-0.001557
2554,0.0,0.0,2000.0,2000.0,0.0,0.0,0.0,1.0,30.0,0.0,512.0,512.0,0.7,512.0,512.0,1.0,1.0,5.0,4.8,3.0,0.0,512.0,512.0,0.3,512.0,512.0,20.0,1.0,1.0,5.0,10.0,8.0,90.0,0.005,0.005,10.0,10.0,3.5,0.0,4.0,13.0,0.06,10.0,10.0,1.0,15.0,2000.0,2000.0,3000.0,300.0,0.0,0.0,0.0,12.0,0.0,0.0,120821.522,-504320.69,2000.0,-0.04011,-0.001557
2555,0.0,0.0,2000.0,2000.0,0.0,0.0,0.0,1.0,30.0,0.0,512.0,512.0,0.7,512.0,512.0,1.0,1.0,5.0,4.8,3.0,0.0,512.0,512.0,0.3,512.0,512.0,20.0,1.0,1.0,5.0,10.0,8.0,90.0,0.005,0.005,10.0,10.0,3.5,0.0,4.0,13.0,0.06,10.0,10.0,1.0,15.0,2000.0,2000.0,3000.0,300.0,0.0,0.0,0.0,12.0,0.0,0.0,120821.522,-504320.69,2000.0,-0.04011,-0.001557
2556,0.0,0.0,2000.0,2000.0,0.0,0.0,0.0,1.0,30.0,0.0,512.0,512.0,0.7,512.0,512.0,1.0,1.0,5.0,5.0,3.0,0.0,512.0,512.0,0.3,512.0,512.0,20.0,1.0,1.0,5.0,9.0,8.0,90.0,0.005,0.005,10.0,10.0,3.5,0.0,4.0,13.0,0.06,10.0,10.0,1.0,15.0,2000.0,2000.0,3000.0,300.0,0.0,0.0,0.0,12.0,0.0,0.0,120821.522,-504320.69,2000.0,-0.04011,-0.001557
2557,0.0,0.0,2000.0,2000.0,0.0,0.0,0.0,1.0,30.0,0.0,512.0,512.0,0.7,512.0,512.0,1.0,1.0,5.0,4.8,3.0,0.0,512.0,512.0,0.3,512.0,512.0,20.0,1.0,1.0,5.0,10.0,8.0,90.0,0.005,0.005,10.0,10.0,3.5,0.0,4.0,13.0,0.06,10.0,10.0,1.0,15.0,2000.0,2000.0,3000.0,300.0,0.0,0.0,0.0,12.0,0.0,0.0,120821.522,-504320.69,2000.0,-0.04011,-0.001557
2558,0.0,0.0,2000.0,2000.0,0.0,0.0,0.0,1.0,30.0,0.0,512.0,512.0,0.7,512.0,512.0,1.0,1.0,5.0,4.8,3.0,0.0,512.0,512.0,0.3,512.0,512.0,20.0,1.0,1.0,5.0,10.0,8.0,90.0,0.005,0.005,10.0,10.0,3.5,0.0,4.0,13.0,0.06,10.0,10.0,1.0,15.0,2000.0,2000.0,3000.0,300.0,0.0,0.0,0.0,12.0,0.0,0.0,120821.522,-504320.69,2000.0,-0.04011,-0.001557
2559,0.0,0.0,2000.0,2000.0,0.0,0.0,0.0,1.0,30.0,0.0,512.0,512.0,0.7,512.0,512.0,1.0,1.0,5.0,4.8,3.0,0.0,512.0,512.0,0.3,512.0,512.0,20.0,1.0,1.0,5.0,10.0,8.0,90.0,0.005,0.005,10.0,10.0,3.5,0.0,4.0,13.0,0.06,10.0,10.0,1.0,15.0,2000.0,2000.0,3000.0,300.0,0.0,0.0,0.0,12.0,0.0,0.0,120821.522,-504320.69,2000.0,-0.04011,-0.001557
2910,0.0,0.0,2000.0,2000.0,0.0,0.0,2.5,1.0,30.0,0.0,512.0,512.0,0.7,512.0,512.0,1.0,1.0,5.0,4.8,3.0,0.0,512.0,512.0,0.3,512.0,512.0,20.0,1.0,1.0,5.0,10.0,8.0,90.0,0.005,0.005,10.0,10.0,3.5,0.0,4.0,13.0,0.06,10.0,10.0,1.0,15.0,2000.0,2000.0,20.0,10.0,2.5,0.0,0.0,12.0,0.0,0.0,124139.643,-12657.742,2000.0,-0.61476,0.06134
2911,0.0,0.0,2000.0,2000.0,0.0,0.0,6.4,1.0,30.0,0.0,512.0,512.0,0.7,512.0,512.0,1.0,1.0,5.0,4.8,3.0,0.0,512.0,512.0,0.3,512.0,512.0,20.0,1.0,1.0,5.0,10.0,8.0,90.0,0.005,0.005,10.0,10.0,3.5,0.0,4.0,13.0,0.06,10.0,10.0,1.0,15.0,2000.0,2000.0,20.0,10.0,1.9,0.0,0.0,12.0,0.0,0.0,124751.41,33421.771,2000.0,-0.00795,-0.00383
2912,0.0,0.0,2000.0,2000.0,0.0,0.0,6.4,1.0,30.0,0.0,512.0,512.0,0.7,512.0,512.0,1.0,1.0,5.0,5.0,3.0,0.0,512.0,512.0,0.3,512.0,512.0,20.0,1.0,1.0,5.0,9.0,8.0,90.0,0.005,0.005,10.0,10.0,3.5,0.0,4.0,13.0,0.06,10.0,10.0,1.0,15.0,2000.0,2000.0,20.0,10.0,1.9,0.0,0.0,12.0,0.0,0.0,124751.41,33421.771,2000.0,-0.00795,-0.00383
2913,0.0,0.0,2000.0,2000.0,0.0,0.0,6.4,1.0,30.0,0.0,512.0,512.0,0.7,512.0,512.0,1.0,1.0,5.0,4.8,3.0,0.0,512.0,512.0,0.3,512.0,512.0,20.0,1.0,1.0,5.0,10.0,8.0,90.0,0.005,0.005,10.0,10.0,3.5,0.0,4.0,13.0,0.06,10.0,10.0,1.0,15.0,2000.0,2000.0,20.0,10.0,1.9,0.0,0.0,12.0,0.0,0.0,124751.41,33421.771,2000.0,-0.00795,-0.00383
2919,0.0,0.0,2000.0,2000.0,0.0,0.0,6.4,1.0,30.0,0.0,512.0,512.0,0.7,512.0,512.0,1.0,1.0,5.0,4.8,3.0,0.0,512.0,512.0,0.3,512.0,512.0,20.0,1.0,1.0,5.0,10.0,8.0,90.0,0.005,0.005,10.0,10.0,3.5,0.0,4.0,13.0,0.06,10.0,10.0,1.0,15.0,2000.0,2000.0,20.0,10.0,1.9,0.0,0.0,12.0,0.0,0.0,124751.41,33421.771,2000.0,-0.00795,-0.00383
2969,0.0,0.0,2000.0,2000.0,0.0,0.0,5.8,1.0,30.0,0.0,512.0,512.0,0.7,512.0,512.0,1.0,1.0,5.0,4.8,3.0,0.0,512.0,512.0,0.3,512.0,512.0,20.0,1.0,1.0,5.0,10.0,8.0,90.0,0.005,0.005,10.0,10.0,3.5,0.0,4.0,13.0,0.06,10.0,10.0,1.0,15.0,2000.0,2000.0,700.0,130.0,-0.8,0.0,0.0,12.0,0.0,0.0,105601.468,61107.327,2000.0,-0.0239,-0.00642
2970,0.0,0.0,2000.0,2000.0,0.0,0.0,5.8,1.0,30.0,0.0,512.0,512.0,0.7,512.0,512.0,1.0,1.0,5.0,5.0,3.0,0.0,512.0,512.0,0.3,512.0,512.0,20.0,1.0,1.0,5.0,9.0,8.0,90.0,0.005,0.005,10.0,10.0,3.5,0.0,4.0,13.0,0.06,10.0,10.0,1.0,15.0,2000.0,2000.0,700.0,130.0,-0.8,0.0,0.0,12.0,0.0,0.0,105601.468,61107.327,2000.0,-0.0239,-0.00642
2971,0.0,0.0,2000.0,2000.0,0.0,0.0,5.8,1.0,30.0,0.0,512.0,512.0,0.7,512.0,512.0,1.0,1.0,5.0,5.0,3.0,0.0,512.0,512.0,0.3,512.0,512.0,20.0,1.0,1.0,5.0,9.0,8.0,90.0,0.005,0.005,10.0,10.0,3.5,0.0,4.0,13.0,0.06,10.0,10.0,1.0,15.0,2000.0,2000.0,700.0,130.0,-0.8,0.0,0.0,12.0,0.0,0.0,105601.468,61107.327,2000.0,-0.0239,-0.00642
2979,0.0,0.0,2000.0,2000.0,0.0,0.0,4.8,1.0,30.0,0.0,512.0,512.0,0.7,512.0,512.0,1.0,1.0,5.0,4.8,3.0,0.0,512.0,512.0,0.3,512.0,512.0,20.0,1.0,1.0,5.0,10.0,8.0,90.0,0.005,0.005,10.0,10.0,3.5,0.0,4.0,13.0,0.06,10.0,10.0,1.0,15.0,2000.0,2000.0,130.0,20.0,0.8,0.0,0.0,12.0,0.0,0.0,110149.674,-22904.501,2000.0,0.00976,-0.03556
2981,0.0,0.0,2000.0,2000.0,0.0,0.0,4.8,1.0,30.0,0.0,512.0,512.0,0.7,512.0,512.0,1.0,1.0,5.0,4.8,3.0,0.0,512.0,512.0,0.3,512.0,512.0,20.0,1.0,1.0,5.0,10.0,8.0,90.0,0.005,0.005,10.0,10.0,3.5,0.0,4.0,13.0,0.06,10.0,10.0,1.0,15.0,2000.0,2000.0,130.0,20.0,0.8,0.0,0.0,12.0,0.0,0.0,110149.674,-22904.501,2000.0,0.00976,-0.03556
2988,0.0,0.0,2000.0,2000.0,0.0,0.0,2.8,1.0,30.0,0.0,512.0,512.0,0.7,512.0,512.0,1.0,1.0,5.0,4.8,3.0,0.0,512.0,512.0,0.3,512.0,512.0,20.0,1.0,1.0,5.0,10.0,8.0,90.0,0.005,0.005,10.0,10.0,3.5,0.0,4.0,13.0,0.06,10.0,10.0,1.0,15.0,2000.0,2000.0,180.0,30.0,0.8,0.0,0.0,12.0,0.0,0.0,130210.597,105732.941,2000.0,-0.2788,-0.01429
3092,0.0,0.0,2000.0,2000.0,0.0,0.0,2.5,1.0,30.0,0.0,512.0,512.0,0.7,512.0,512.0,1.0,1.0,5.0,4.8,3.0,0.0,512.0,512.0,0.3,512.0,512.0,20.0,1.0,1.0,5.0,10.0,8.0,90.0,0.005,0.005,10.0,10.0,3.5,0.0,4.0,13.0,0.06,10.0,10.0,1.0,15.0,2000.0,2000.0,20.0,10.0,2.5,0.0,0.0,12.0,0.0,0.0,124139.643,-12657.742,2000.0,-0.61476,0.06134
3093,0.0,0.0,2000.0,2000.0,0.0,0.0,2.5,1.0,30.0,0.0,512.0,512.0,0.7,512.0,512.0,1.0,1.0,5.0,4.8,3.0,0.0,512.0,512.0,0.3,512.0,512.0,20.0,1.0,1.0,5.0,10.0,8.0,90.0,0.005,0.005,10.0,10.0,3.5,0.0,4.0,13.0,0.06,10.0,10.0,1.0,15.0,2000.0,2000.0,20.0,10.0,2.5,0.0,0.0,12.0,0.0,0.0,124139.643,-12657.742,2000.0,-0.61476,0.06134
3098,0.0,0.0,2000.0,2000.0,0.0,0.0,2.5,1.0,30.0,0.0,512.0,512.0,0.7,512.0,512.0,1.0,1.0,5.0,4.8,3.0,0.0,512.0,512.0,0.3,512.0,512.0,20.0,1.0,1.0,5.0,10.0,8.0,90.0,0.005,0.005,10.0,10.0,3.5,0.0,4.0,13.0,0.06,10.0,10.0,1.0,15.0,2000.0,2000.0,20.0,10.0,2.5,0.0,0.0,12.0,0.0,0.0,124139.643,-12657.742,2000.0,-0.61476,0.06134
3611,0.0,0.0,2000.0,2000.0,0.0,0.0,4.3,1.0,30.0,0.0,512.0,512.0,0.7,512.0,512.0,1.0,1.0,5.0,4.8,3.0,0.0,512.0,512.0,0.3,512.0,512.0,20.0,1.0,1.0,5.0,10.0,8.0,90.0,0.005,0.005,10.0,10.0,3.5,0.0,4.0,13.0,0.06,10.0,10.0,1.0,15.0,2000.0,2000.0,88.9,13.2,1.2,0.0,0.0,12.0,0.0,0.0,125306.906,-485635.923,2000.0,-0.07919,-0.02426
3612,0.0,0.0,2000.0,2000.0,0.0,0.0,4.3,1.0,30.0,0.0,512.0,512.0,0.7,512.0,512.0,1.0,1.0,5.0,4.8,3.0,0.0,512.0,512.0,0.3,512.0,512.0,20.0,1.0,1.0,5.0,10.0,8.0,90.0,0.005,0.005,10.0,10.0,3.5,0.0,4.0,13.0,0.06,10.0,10.0,1.0,15.0,2000.0,2000.0,88.9,13.2,1.2,0.0,0.0,12.0,0.0,0.0,125306.906,-485635.923,2000.0,-0.07919,-0.02426
3613,0.0,0.0,2000.0,2000.0,0.0,0.0,4.3,1.0,30.0,0.0,512.0,512.0,0.7,512.0,512.0,1.0,1.0,5.0,4.8,3.0,0.0,512.0,512.0,0.3,512.0,512.0,20.0,1.0,1.0,5.0,10.0,8.0,90.0,0.005,0.005,10.0,10.0,3.5,0.0,4.0,13.0,0.06,10.0,10.0,1.0,15.0,2000.0,2000.0,88.9,13.2,1.2,0.0,0.0,12.0,0.0,0.0,125306.906,-485635.923,2000.0,-0.07919,-0.02426
3615,0.0,0.0,2000.0,2000.0,0.0,0.0,4.3,1.0,30.0,0.0,512.0,512.0,0.7,512.0,512.0,1.0,1.0,5.0,5.0,3.0,0.0,512.0,512.0,0.3,512.0,512.0,20.0,1.0,1.0,5.0,9.0,8.0,90.0,0.005,0.005,10.0,10.0,3.5,0.0,4.0,13.0,0.06,10.0,10.0,1.0,15.0,2000.0,2000.0,88.9,13.2,1.2,0.0,0.0,12.0,0.0,0.0,125306.906,-485635.923,2000.0,-0.07919,-0.02426
3673,0.0,0.0,2000.0,2000.0,0.0,0.0,4.3,1.0,30.0,0.0,512.0,512.0,0.7,512.0,512.0,1.0,1.0,5.0,4.8,3.0,0.0,512.0,512.0,0.3,512.0,512.0,20.0,1.0,1.0,5.0,10.0,8.0,90.0,0.005,0.005,10.0,10.0,3.5,0.0,4.0,13.0,0.06,10.0,10.0,1.0,15.0,2000.0,2000.0,88.9,13.2,1.2,0.0,0.0,12.0,0.0,0.0,125306.906,-485635.923,2000.0,-0.07919,-0.02426
3674,0.0,0.0,2000.0,2000.0,0.0,0.0,4.3,1.0,30.0,0.0,512.0,512.0,0.7,512.0,512.0,1.0,1.0,5.0,4.8,3.0,0.0,512.0,512.0,0.3,512.0,512.0,20.0,1.0,1.0,5.0,10.0,8.0,90.0,0.005,0.005,10.0,10.0,3.5,0.0,4.0,13.0,0.06,10.0,10.0,1.0,15.0,2000.0,2000.0,88.9,13.2,1.2,0.0,0.0,12.0,0.0,0.0,125306.906,-485635.923,2000.0,-0.07919,-0.02426
3676,0.0,0.0,2000.0,2000.0,0.0,0.0,4.3,1.0,30.0,0.0,512.0,512.0,0.7,512.0,512.0,1.0,1.0,5.0,4.8,3.0,0.0,512.0,512.0,0.3,512.0,512.0,20.0,1.0,1.0,5.0,10.0,8.0,90.0,0.005,0.005,10.0,10.0,3.5,0.0,4.0,13.0,0.06,10.0,10.0,1.0,15.0,2000.0,2000.0,88.9,13.2,1.2,0.0,0.0,12.0,0.0,0.0,125306.906,-485635.923,2000.0,-0.07919,-0.02426
3677,0.0,0.0,2000.0,2000.0,0.0,0.0,4.3,1.0,30.0,0.0,512.0,512.0,0.7,512.0,512.0,1.0,1.0,5.0,4.8,3.0,0.0,512.0,512.0,0.3,512.0,512.0,20.0,1.0,1.0,5.0,10.0,8.0,90.0,0.005,0.005,10.0,10.0,3.5,0.0,4.0,13.0,0.06,10.0,10.0,1.0,15.0,2000.0,2000.0,88.9,13.2,1.2,0.0,0.0,12.0,0.0,0.0,125306.906,-485635.923,2000.0,-0.07919,-0.02426
3678,0.0,0.0,2000.0,2000.0,0.0,0.0,4.3,1.0,30.0,0.0,512.0,512.0,0.7,512.0,512.0,1.0,1.0,5.0,5.0,3.0,0.0,512.0,512.0,0.3,512.0,512.0,20.0,1.0,1.0,5.0,9.0,8.0,90.0,0.005,0.005,10.0,10.0,3.5,0.0,4.0,13.0,0.06,10.0,10.0,1.0,15.0,2000.0,2000.0,88.9,13.2,1.2,0.0,0.0,12.0,0.0,0.0,125306.906,-485635.923,2000.0,-0.07919,-0.02426
4044,0.0,0.0,2000.0,2000.0,0.0,0.0,4.3,1.0,30.0,0.0,512.0,512.0,0.7,512.0,512.0,1.0,1.0,5.0,4.8,3.0,0.0,512.0,512.0,0.3,512.0,512.0,20.0,1.0,1.0,5.0,10.0,8.0,90.0,0.005,0.005,10.0,10.0,3.5,0.0,4.0,13.0,0.06,10.0,10.0,1.0,15.0,2000.0,2000.0,88.9,13.2,1.2,0.0,0.0,12.0,0.0,0.0,194137.26,-655115.8,2000.0,0.0152,-0.00717
4045,0.0,0.0,2000.0,2000.0,0.0,0.0,4.3,1.0,30.0,0.0,512.0,512.0,0.7,512.0,512.0,1.0,1.0,5.0,5.0,3.0,0.0,512.0,512.0,0.3,512.0,512.0,20.0,1.0,1.0,5.0,9.0,8.0,90.0,0.005,0.005,10.0,10.0,3.5,0.0,4.0,13.0,0.06,10.0,10.0,1.0,15.0,2000.0,2000.0,88.9,13.2,1.2,0.0,0.0,12.0,0.0,0.0,194137.26,-655115.8,2000.0,0.0152,-0.00717
4057,0.0,0.0,2000.0,2000.0,0.0,0.0,4.3,1.0,30.0,0.0,512.0,512.0,0.7,512.0,512.0,1.0,1.0,5.0,4.8,3.0,0.0,512.0,512.0,0.3,512.0,512.0,20.0,1.0,1.0,5.0,10.0,8.0,90.0,0.005,0.005,10.0,10.0,3.5,0.0,4.0,13.0,0.06,10.0,10.0,1.0,15.0,2000.0,2000.0,88.9,13.2,1.2,0.0,0.0,12.0,0.0,0.0,194137.26,-655115.8,2000.0,0.0152,-0.00717
4130,0.0,0.0,2000.0,2000.0,0.0,0.0,4.3,1.0,30.0,0.0,512.0,512.0,0.7,512.0,512.0,1.0,1.0,5.0,4.8,3.0,0.0,512.0,512.0,0.3,512.0,512.0,20.0,1.0,1.0,5.0,10.0,8.0,90.0,0.005,0.005,10.0,10.0,3.5,0.0,4.0,13.0,0.06,10.0,10.0,1.0,15.0,2000.0,2000.0,88.9,13.2,1.2,0.0,0.0,12.0,0.0,0.0,134738.539,-501914.476,2000.0,-0.14109,-0.00082
4132,0.0,0.0,2000.0,2000.0,0.0,0.0,4.3,1.0,30.0,0.0,512.0,512.0,0.7,512.0,512.0,1.0,1.0,5.0,4.8,3.0,0.0,512.0,512.0,0.3,512.0,512.0,20.0,1.0,1.0,5.0,10.0,8.0,90.0,0.005,0.005,10.0,10.0,3.5,0.0,4.0,13.0,0.06,10.0,10.0,1.0,15.0,2000.0,2000.0,88.9,13.2,1.2,0.0,0.0,12.0,0.0,0.0,134738.539,-501914.476,2000.0,-0.14109,-0.00082
4133,0.0,0.0,2000.0,2000.0,0.0,0.0,4.3,1.0,30.0,0.0,512.0,512.0,0.7,512.0,512.0,1.0,1.0,5.0,4.8,3.0,0.0,512.0,512.0,0.3,512.0,512.0,20.0,1.0,1.0,5.0,10.0,8.0,90.0,0.005,0.005,10.0,10.0,3.5,0.0,4.0,13.0,0.06,10.0,10.0,1.0,15.0,2000.0,2000.0,88.9,13.2,1.2,0.0,0.0,12.0,0.0,0.0,194137.26,-655115.8,2000.0,0.0152,-0.00717
4201,0.0,0.0,2000.0,2000.0,0.0,0.0,4.3,1.0,30.0,0.0,512.0,512.0,0.7,512.0,512.0,1.0,1.0,5.0,4.8,3.0,0.0,512.0,512.0,0.3,512.0,512.0,20.0,1.0,1.0,5.0,10.0,8.0,90.0,0.005,0.005,10.0,10.0,3.5,0.0,4.0,13.0,0.06,10.0,10.0,1.0,15.0,2000.0,2000.0,88.9,13.2,1.2,0.0,0.0,12.0,0.0,0.0,194137.26,-655115.8,2000.0,0.0152,-0.00717
5861,0.0,0.0,2000.0,2000.0,0.0,0.0,0.0,1.0,30.0,0.0,512.0,512.0,0.7,512.0,512.0,1.0,1.0,5.0,4.8,3.0,0.0,512.0,512.0,0.3,512.0,512.0,20.0,1.0,1.0,5.0,10.0,8.0,90.0,0.005,0.005,10.0,10.0,3.5,0.0,4.0,13.0,0.06,10.0,10.0,1.0,15.0,2000.0,2000.0,3000.0,300.0,0.0,0.0,0.0,12.0,0.0,0.0,120821.522,-504320.69,2000.0,-0.04011,-0.001557
5862,0.0,0.0,2000.0,2000.0,0.0,0.0,0.0,1.0,30.0,0.0,512.0,512.0,0.7,512.0,512.0,1.0,1.0,5.0,4.8,3.0,0.0,512.0,512.0,0.3,512.0,512.0,20.0,1.0,1.0,5.0,10.0,8.0,90.0,0.005,0.005,10.0,10.0,3.5,0.0,4.0,13.0,0.06,10.0,10.0,1.0,15.0,2000.0,2000.0,3000.0,300.0,0.0,0.0,0.0,12.0,0.0,0.0,120821.522,-504320.69,2000.0,-0.04011,-0.001557
5863,0.0,0.0,2000.0,2000.0,0.0,0.0,0.0,1.0,30.0,0.0,512.0,512.0,0.7,512.0,512.0,1.0,1.0,5.0,4.8,3.0,0.0,512.0,512.0,0.3,512.0,512.0,20.0,1.0,1.0,5.0,10.0,8.0,90.0,0.005,0.005,10.0,10.0,3.5,0.0,4.0,13.0,0.06,10.0,10.0,1.0,15.0,2000.0,2000.0,3000.0,300.0,0.0,0.0,0.0,12.0,0.0,0.0,120821.522,-504320.69,2000.0,-0.04011,-0.001557
5864,0.0,0.0,2000.0,2000.0,0.0,0.0,0.0,1.0,30.0,0.0,512.0,512.0,0.7,512.0,512.0,1.0,1.0,5.0,4.8,3.0,0.0,512.0,512.0,0.3,512.0,512.0,20.0,1.0,1.0,5.0,10.0,8.0,90.0,0.005,0.005,10.0,10.0,3.5,0.0,4.0,13.0,0.06,10.0,10.0,1.0,15.0,2000.0,2000.0,3000.0,300.0,0.0,0.0,0.0,12.0,0.0,0.0,120821.522,-504320.69,2000.0,-0.04011,-0.001557
5865,0.0,0.0,2000.0,2000.0,0.0,0.0,0.0,1.0,30.0,0.0,512.0,512.0,0.7,512.0,512.0,1.0,1.0,5.0,4.8,3.0,0.0,512.0,512.0,0.3,512.0,512.0,20.0,1.0,1.0,5.0,10.0,8.0,90.0,0.005,0.005,10.0,10.0,3.5,0.0,4.0,13.0,0.06,10.0,10.0,1.0,15.0,2000.0,2000.0,3000.0,300.0,0.0,0.0,0.0,12.0,0.0,0.0,120821.522,-504320.69,2000.0,-0.04011,-0.001557
5866,0.0,0.0,2000.0,2000.0,0.0,0.0,0.0,1.0,30.0,0.0,512.0,512.0,0.7,512.0,512.0,1.0,1.0,5.0,4.8,3.0,0.0,512.0,512.0,0.3,512.0,512.0,20.0,1.0,1.0,5.0,10.0,8.0,90.0,0.005,0.005,10.0,10.0,3.5,0.0,4.0,13.0,0.06,10.0,10.0,1.0,15.0,2000.0,2000.0,3000.0,300.0,0.0,0.0,0.0,12.0,0.0,0.0,120821.522,-504320.69,2000.0,-0.04011,-0.001557
5867,0.0,0.0,2000.0,2000.0,0.0,0.0,0.0,1.0,30.0,0.0,512.0,512.0,0.7,512.0,512.0,1.0,1.0,5.0,4.8,3.0,0.0,512.0,512.0,0.3,512.0,512.0,20.0,1.0,1.0,5.0,10.0,8.0,90.0,0.005,0.005,10.0,10.0,3.5,0.0,4.0,13.0,0.06,10.0,10.0,1.0,15.0,2000.0,2000.0,3000.0,300.0,0.0,0.0,0.0,12.0,0.0,0.0,120821.522,-504320.69,2000.0,-0.04011,-0.001557
5868,0.0,0.0,2000.0,2000.0,0.0,0.0,0.0,1.0,30.0,0.0,512.0,512.0,0.7,512.0,512.0,1.0,1.0,5.0,4.8,3.0,0.0,512.0,512.0,0.3,512.0,512.0,20.0,1.0,1.0,5.0,10.0,8.0,90.0,0.005,0.005,10.0,10.0,3.5,0.0,4.0,13.0,0.06,10.0,10.0,1.0,15.0,2000.0,2000.0,3000.0,300.0,0.0,0.0,0.0,12.0,0.0,0.0,120821.522,-504320.69,2000.0,-0.04011,-0.001557
5869,0.0,0.0,2000.0,2000.0,0.0,0.0,0.0,1.0,30.0,0.0,512.0,512.0,0.7,512.0,512.0,1.0,1.0,5.0,4.8,3.0,0.0,512.0,512.0,0.3,512.0,512.0,20.0,1.0,1.0,5.0,10.0,8.0,90.0,0.005,0.005,10.0,10.0,3.5,0.0,4.0,13.0,0.06,10.0,10.0,1.0,15.0,2000.0,2000.0,3000.0,300.0,0.0,0.0,0.0,12.0,0.0,0.0,120821.522,-504320.69,2000.0,-0.04011,-0.001557
5870,0.0,0.0,2000.0,2000.0,0.0,0.0,0.0,1.0,30.0,0.0,512.0,512.0,0.7,512.0,512.0,1.0,1.0,5.0,4.8,3.0,0.0,512.0,512.0,0.3,512.0,512.0,20.0,1.0,1.0,5.0,10.0,8.0,90.0,0.005,0.005,10.0,10.0,3.5,0.0,4.0,13.0,0.06,10.0,10.0,1.0,15.0,2000.0,2000.0,3000.0,300.0,0.0,0.0,0.0,12.0,0.0,0.0,120821.522,-504320.69,2000.0,-0.04011,-0.001557
5871,0.0,0.0,2000.0,2000.0,0.0,0.0,0.0,1.0,30.0,0.0,512.0,512.0,0.7,512.0,512.0,1.0,1.0,5.0,4.8,3.0,0.0,512.0,512.0,0.3,512.0,512.0,20.0,1.0,1.0,5.0,10.0,8.0,90.0,0.005,0.005,10.0,10.0,3.5,0.0,4.0,13.0,0.06,10.0,10.0,1.0,15.0,2000.0,2000.0,3000.0,300.0,0.0,0.0,0.0,12.0,0.0,0.0,120821.522,-504320.69,2000.0,-0.04011,-0.001557
5872,0.0,0.0,2000.0,2000.0,0.0,0.0,0.0,1.0,30.0,0.0,512.0,512.0,0.7,512.0,512.0,1.0,1.0,5.0,4.8,3.0,0.0,512.0,512.0,0.3,512.0,512.0,20.0,1.0,1.0,5.0,10.0,8.0,90.0,0.005,0.005,10.0,10.0,3.5,0.0,4.0,13.0,0.06,10.0,10.0,1.0,15.0,2000.0,2000.0,3000.0,300.0,0.0,0.0,0.0,12.0,0.0,0.0,120821.522,-504320.69,2000.0,-0.04011,-0.001557
5873,0.0,0.0,2000.0,2000.0,0.0,0.0,0.0,1.0,30.0,0.0,512.0,512.0,0.7,512.0,512.0,1.0,1.0,5.0,4.8,3.0,0.0,512.0,512.0,0.3,512.0,512.0,20.0,1.0,1.0,5.0,10.0,8.0,90.0,0.005,0.005,10.0,10.0,3.5,0.0,4.0,13.0,0.06,10.0,10.0,1.0,15.0,2000.0,2000.0,3000.0,300.0,0.0,0.0,0.0,12.0,0.0,0.0,120821.522,-504320.69,2000.0,-0.04011,-0.001557
5874,0.0,0.0,2000.0,2000.0,0.0,0.0,0.0,1.0,30.0,0.0,512.0,512.0,0.7,512.0,512.0,1.0,1.0,5.0,4.8,3.0,0.0,512.0,512.0,0.3,512.0,512.0,20.0,1.0,1.0,5.0,10.0,8.0,90.0,0.005,0.005,10.0,10.0,3.5,0.0,4.0,13.0,0.06,10.0,10.0,1.0,15.0,2000.0,2000.0,3000.0,300.0,0.0,0.0,0.0,12.0,0.0,0.0,120821.522,-504320.69,2000.0,-0.04011,-0.001557
5875,0.0,0.0,2000.0,2000.0,0.0,0.0,0.0,1.0,30.0,0.0,512.0,512.0,0.7,512.0,512.0,1.0,1.0,5.0,4.8,3.0,0.0,512.0,512.0,0.3,512.0,512.0,20.0,1.0,1.0,5.0,10.0,8.0,90.0,0.005,0.005,10.0,10.0,3.5,0.0,4.0,13.0,0.06,10.0,10.0,1.0,15.0,2000.0,2000.0,3000.0,300.0,0.0,0.0,0.0,12.0,0.0,0.0,120821.522,-504320.69,2000.0,-0.04011,-0.001557
5876,0.0,0.0,2000.0,2000.0,0.0,0.0,0.0,1.0,30.0,0.0,512.0,512.0,0.7,512.0,512.0,1.0,1.0,5.0,4.8,3.0,0.0,512.0,512.0,0.3,512.0,512.0,20.0,1.0,1.0,5.0,10.0,8.0,90.0,0.005,0.005,10.0,10.0,3.5,0.0,4.0,13.0,0.06,10.0,10.0,1.0,15.0,2000.0,2000.0,3000.0,300.0,0.0,0.0,0.0,12.0,0.0,0.0,120821.522,-504320.69,2000.0,-0.04011,-0.001557
5877,0.0,0.0,2000.0,2000.0,0.0,0.0,0.0,1.0,30.0,0.0,512.0,512.0,0.7,512.0,512.0,1.0,1.0,5.0,4.8,3.0,0.0,512.0,512.0,0.3,512.0,512.0,20.0,1.0,1.0,5.0,10.0,8.0,90.0,0.005,0.005,10.0,10.0,3.5,0.0,4.0,13.0,0.06,10.0,10.0,1.0,15.0,2000.0,2000.0,3000.0,300.0,0.0,0.0,0.0,12.0,0.0,0.0,120821.522,-504320.69,2000.0,-0.04011,-0.001557
5878,0.0,0.0,2000.0,2000.0,0.0,0.0,0.0,1.0,30.0,0.0,512.0,512.0,0.7,512.0,512.0,1.0,1.0,5.0,4.8,3.0,0.0,512.0,512.0,0.3,512.0,512.0,20.0,1.0,1.0,5.0,10.0,8.0,90.0,0.005,0.005,10.0,10.0,3.5,0.0,4.0,13.0,0.06,10.0,10.0,1.0,15.0,2000.0,2000.0,3000.0,300.0,0.0,0.0,0.0,12.0,0.0,0.0,120821.522,-504320.69,2000.0,-0.04011,-0.001557
5879,0.0,0.0,2000.0,2000.0,0.0,0.0,0.0,1.0,30.0,0.0,512.0,512.0,0.7,512.0,512.0,1.0,1.0,5.0,4.8,3.0,0.0,512.0,512.0,0.3,512.0,512.0,20.0,1.0,1.0,5.0,10.0,8.0,90.0,0.005,0.005,10.0,10.0,3.5,0.0,4.0,13.0,0.06,10.0,10.0,1.0,15.0,2000.0,2000.0,3000.0,300.0,0.0,0.0,0.0,12.0,0.0,0.0,120821.522,-504320.69,2000.0,-0.04011,-0.001557
5880,0.0,0.0,2000.0,2000.0,0.0,0.0,0.0,1.0,30.0,0.0,512.0,512.0,0.7,512.0,512.0,1.0,1.0,5.0,4.8,3.0,0.0,512.0,512.0,0.3,512.0,512.0,20.0,1.0,1.0,5.0,10.0,8.0,90.0,0.005,0.005,10.0,10.0,3.5,0.0,4.0,13.0,0.06,10.0,10.0,1.0,15.0,2000.0,2000.0,3000.0,300.0,0.0,0.0,0.0,12.0,0.0,0.0,120821.522,-504320.69,2000.0,-0.04011,-0.001557
5881,0.0,0.0,2000.0,2000.0,0.0,0.0,0.0,1.0,30.0,0.0,512.0,512.0,0.7,512.0,512.0,1.0,1.0,5.0,4.8,3.0,0.0,512.0,512.0,0.3,512.0,512.0,20.0,1.0,1.0,5.0,10.0,8.0,90.0,0.005,0.005,10.0,10.0,3.5,0.0,4.0,13.0,0.06,10.0,10.0,1.0,15.0,2000.0,2000.0,3000.0,300.0,0.0,0.0,0.0,12.0,0.0,0.0,120821.522,-504320.69,2000.0,-0.04011,-0.001557
5882,0.0,0.0,2000.0,2000.0,0.0,0.0,0.0,1.0,30.0,0.0,512.0,512.0,0.7,512.0,512.0,1.0,1.0,5.0,4.8,3.0,0.0,512.0,512.0,0.3,512.0,512.0,20.0,1.0,1.0,5.0,10.0,8.0,90.0,0.005,0.005,10.0,10.0,3.5,0.0,4.0,13.0,0.06,10.0,10.0,1.0,15.0,2000.0,2000.0,3000.0,300.0,0.0,0.0,0.0,12.0,0.0,0.0,120821.522,-504320.69,2000.0,-0.04011,-0.001557
5883,0.0,0.0,2000.0,2000.0,0.0,0.0,0.0,1.0,30.0,0.0,512.0,512.0,0.7,512.0,512.0,1.0,1.0,5.0,4.8,3.0,0.0,512.0,512.0,0.3,512.0,512.0,20.0,1.0,1.0,5.0,10.0,8.0,90.0,0.005,0.005,10.0,10.0,3.5,0.0,4.0,13.0,0.06,10.0,10.0,1.0,15.0,2000.0,2000.0,3000.0,300.0,0.0,0.0,0.0,12.0,0.0,0.0,120821.522,-504320.69,2000.0,-0.04011,-0.001557
5884,0.0,0.0,2000.0,2000.0,0.0,0.0,0.0,1.0,30.0,0.0,512.0,512.0,0.7,512.0,512.0,1.0,1.0,5.0,4.8,3.0,0.0,512.0,512.0,0.3,512.0,512.0,20.0,1.0,1.0,5.0,10.0,8.0,90.0,0.005,0.005,10.0,10.0,3.5,0.0,4.0,13.0,0.06,10.0,10.0,1.0,15.0,2000.0,2000.0,3000.0,300.0,0.0,0.0,0.0,12.0,0.0,0.0,120821.522,-504320.69,2000.0,-0.04011,-0.001557
5885,0.0,0.0,2000.0,2000.0,0.0,0.0,0.0,1.0,30.0,0.0,512.0,512.0,0.7,512.0,512.0,1.0,1.0,5.0,4.8,3.0,0.0,512.0,512.0,0.3,512.0,512.0,20.0,1.0,1.0,5.0,10.0,8.0,90.0,0.005,0.005,10.0,10.0,3.5,0.0,4.0,13.0,0.06,10.0,10.0,1.0,15.0,2000.0,2000.0,3000.0,300.0,0.0,0.0,0.0,12.0,0.0,0.0,120821.522,-504320.69,2000.0,-0.04011,-0.001557
5886,0.0,0.0,2000.0,2000.0,0.0,0.0,0.0,1.0,30.0,0.0,512.0,512.0,0.7,512.0,512.0,1.0,1.0,5.0,4.8,3.0,0.0,512.0,512.0,0.3,512.0,512.0,20.0,1.0,1.0,5.0,10.0,8.0,90.0,0.005,0.005,10.0,10.0,3.5,0.0,4.0,13.0,0.06,10.0,10.0,1.0,15.0,2000.0,2000.0,3000.0,300.0,0.0,0.0,0.0,12.0,0.0,0.0,120821.522,-504320.69,2000.0,-0.04011,-0.001557
5887,0.0,0.0,2000.0,2000.0,0.0,0.0,0.0,1.0,30.0,0.0,512.0,512.0,0.7,512.0,512.0,1.0,1.0,5.0,4.8,3.0,0.0,512.0,512.0,0.3,512.0,512.0,20.0,1.0,1.0,5.0,10.0,8.0,90.0,0.005,0.005,10.0,10.0,3.5,0.0,4.0,13.0,0.06,10.0,10.0,1.0,15.0,2000.0,2000.0,3000.0,300.0,0.0,0.0,0.0,12.0,0.0,0.0,120821.522,-504320.69,2000.0,-0.04011,-0.001557
5888,0.0,0.0,2000.0,2000.0,0.0,0.0,0.0,1.0,30.0,0.0,512.0,512.0,0.7,512.0,512.0,1.0,1.0,5.0,4.8,3.0,0.0,512.0,512.0,0.3,512.0,512.0,20.0,1.0,1.0,5.0,10.0,8.0,90.0,0.005,0.005,10.0,10.0,3.5,0.0,4.0,13.0,0.06,10.0,10.0,1.0,15.0,2000.0,2000.0,3000.0,300.0,0.0,0.0,0.0,12.0,0.0,0.0,120821.522,-504320.69,2000.0,-0.04011,-0.001557
5889,0.0,0.0,2000.0,2000.0,0.0,0.0,0.0,1.0,30.0,0.0,512.0,512.0,0.7,512.0,512.0,1.0,1.0,5.0,4.8,3.0,0.0,512.0,512.0,0.3,512.0,512.0,20.0,1.0,1.0,5.0,10.0,8.0,90.0,0.005,0.005,10.0,10.0,3.5,0.0,4.0,13.0,0.06,10.0,10.0,1.0,15.0,2000.0,2000.0,3000.0,300.0,0.0,0.0,0.0,12.0,0.0,0.0,120821.522,-504320.69,2000.0,-0.04011,-0.001557
6052,0.0,0.0,2000.0,2000.0,0.0,0.0,4.4,1.0,30.0,0.0,512.0,512.0,0.7,512.0,512.0,1.0,1.0,5.0,4.8,3.0,0.0,512.0,512.0,0.3,512.0,512.0,20.0,1.0,1.0,5.0,10.0,8.0,90.0,0.005,0.005,10.0,10.0,3.5,0.0,4.0,13.0,0.06,10.0,10.0,1.0,15.0,2000.0,2000.0,420.0,89.0,-0.6,0.0,0.0,12.0,0.0,0.0,15338.74,-461809.6,2000.0,-0.0932,-0.0912
6065,0.0,0.0,2000.0,2000.0,0.0,0.0,3.9,1.0,30.0,0.0,512.0,512.0,0.7,512.0,512.0,1.0,1.0,5.0,4.8,3.0,0.0,512.0,512.0,0.3,512.0,512.0,20.0,1.0,1.0,5.0,10.0,8.0,90.0,0.005,0.005,10.0,10.0,3.5,0.0,4.0,13.0,0.06,10.0,10.0,1.0,15.0,2000.0,2000.0,30.0,6.5,3.5,0.0,0.0,12.0,0.0,0.0,64950.45,-323030.5,2000.0,-0.00884,0.00373
6092,0.0,0.0,2000.0,2000.0,0.0,0.0,3.1,1.0,30.0,0.0,512.0,512.0,0.7,512.0,512.0,1.0,1.0,5.0,4.8,3.0,0.0,512.0,512.0,0.3,512.0,512.0,20.0,1.0,1.0,5.0,10.0,8.0,90.0,0.005,0.005,10.0,10.0,3.5,0.0,4.0,13.0,0.06,10.0,10.0,1.0,15.0,2000.0,2000.0,1000.0,214.0,-1.6,0.0,0.0,12.0,0.0,0.0,181737.63,-364542.0,2000.0,-0.13,-0.166
6093,0.0,0.0,2000.0,2000.0,0.0,0.0,3.1,1.0,30.0,0.0,512.0,512.0,0.7,512.0,512.0,1.0,1.0,5.0,4.8,3.0,0.0,512.0,512.0,0.3,512.0,512.0,20.0,1.0,1.0,5.0,10.0,8.0,90.0,0.005,0.005,10.0,10.0,3.5,0.0,4.0,13.0,0.06,10.0,10.0,1.0,15.0,2000.0,2000.0,1000.0,214.0,-1.6,0.0,0.0,12.0,0.0,0.0,181737.63,-364542.0,2000.0,-0.13,-0.166
6101,0.0,0.0,2000.0,2000.0,0.0,0.0,2.8,1.0,30.0,0.0,512.0,512.0,0.7,512.0,512.0,1.0,1.0,5.0,5.0,3.0,0.0,512.0,512.0,0.3,512.0,512.0,20.0,1.0,1.0,5.0,9.0,8.0,90.0,0.005,0.005,10.0,10.0,3.5,0.0,4.0,13.0,0.06,10.0,10.0,1.0,15.0,2000.0,2000.0,380.0,59.0,-0.1,0.0,0.0,12.0,0.0,0.0,221830.09,-601534.5,2000.0,-0.0707,-0.0394
6108,0.0,0.0,2000.0,2000.0,0.0,0.0,4.4,1.0,30.0,0.0,512.0,512.0,0.7,512.0,512.0,1.0,1.0,5.0,4.8,3.0,0.0,512.0,512.0,0.3,512.0,512.0,20.0,1.0,1.0,5.0,10.0,8.0,90.0,0.005,0.005,10.0,10.0,3.5,0.0,4.0,13.0,0.06,10.0,10.0,1.0,15.0,2000.0,2000.0,420.0,89.0,-0.6,0.0,0.0,12.0,0.0,0.0,15338.74,-461809.6,2000.0,-0.0932,-0.0912
6112,0.0,0.0,2000.0,2000.0,0.0,0.0,0.5,1.0,30.0,0.0,512.0,512.0,0.7,512.0,512.0,1.0,1.0,5.0,4.8,3.0,0.0,512.0,512.0,0.3,512.0,512.0,20.0,1.0,1.0,5.0,10.0,8.0,90.0,0.005,0.005,10.0,10.0,3.5,0.0,4.0,13.0,0.06,10.0,10.0,1.0,15.0,2000.0,2000.0,130.0,16.0,0.8,0.0,0.0,12.0,0.0,0.0,13742.84,-571412.3,2000.0,0.087,-0.0382
6116,0.0,0.0,2000.0,2000.0,0.0,0.0,4.4,1.0,30.0,0.0,512.0,512.0,0.7,512.0,512.0,1.0,1.0,5.0,4.8,3.0,0.0,512.0,512.0,0.3,512.0,512.0,20.0,1.0,1.0,5.0,10.0,8.0,90.0,0.005,0.005,10.0,10.0,3.5,0.0,4.0,13.0,0.06,10.0,10.0,1.0,15.0,2000.0,2000.0,420.0,89.0,-0.6,0.0,0.0,12.0,0.0,0.0,15338.74,-461809.6,2000.0,-0.0932,-0.0912
6119,0.0,0.0,2000.0,2000.0,0.0,0.0,0.5,1.0,30.0,0.0,512.0,512.0,0.7,512.0,512.0,1.0,1.0,5.0,4.8,3.0,0.0,512.0,512.0,0.3,512.0,512.0,20.0,1.0,1.0,5.0,10.0,8.0,90.0,0.005,0.005,10.0,10.0,3.5,0.0,4.0,13.0,0.06,10.0,10.0,1.0,15.0,2000.0,2000.0,130.0,16.0,0.8,0.0,0.0,12.0,0.0,0.0,13742.84,-571412.3,2000.0,0.087,-0.0382
6123,0.0,0.0,2000.0,2000.0,0.0,0.0,4.4,1.0,30.0,0.0,512.0,512.0,0.7,512.0,512.0,1.0,1.0,5.0,4.8,3.0,0.0,512.0,512.0,0.3,512.0,512.0,20.0,1.0,1.0,5.0,10.0,8.0,90.0,0.005,0.005,10.0,10.0,3.5,0.0,4.0,13.0,0.06,10.0,10.0,1.0,15.0,2000.0,2000.0,420.0,89.0,-0.6,0.0,0.0,12.0,0.0,0.0,15338.74,-461809.6,2000.0,-0.0932,-0.0912
6126,0.0,0.0,2000.0,2000.0,0.0,0.0,6.7,1.0,30.0,0.0,512.0,512.0,0.7,512.0,512.0,1.0,1.0,5.0,4.8,3.0,0.0,512.0,512.0,0.3,512.0,512.0,20.0,1.0,1.0,5.0,10.0,8.0,90.0,0.005,0.005,10.0,10.0,3.5,0.0,4.0,13.0,0.06,10.0,10.0,1.0,15.0,2000.0,2000.0,16.0,2.0,2.7,0.0,0.0,12.0,0.0,0.0,10627.692,-395122.607,2000.0,0.016044,0.019536
6130,0.0,0.0,2000.0,2000.0,0.0,0.0,8.75,1.0,30.0,0.0,512.0,512.0,0.7,512.0,512.0,1.0,1.0,5.0,4.8,3.0,0.0,512.0,512.0,0.3,512.0,512.0,20.0,1.0,1.0,5.0,10.0,8.0,90.0,0.005,0.005,10.0,10.0,3.5,0.0,4.0,13.0,0.06,10.0,10.0,1.0,15.0,2000.0,2000.0,1.0,0.16,6.2,0.0,0.0,12.0,0.0,0.0,5339.564,-375813.709,2000.0,0.027263,-0.029137
6134,0.0,0.0,2000.0,2000.0,0.0,0.0,0.1,1.0,30.0,0.0,512.0,512.0,0.7,512.0,512.0,1.0,1.0,5.0,4.8,3.0,0.0,512.0,512.0,0.3,512.0,512.0,20.0,1.0,1.0,5.0,10.0,8.0,90.0,0.005,0.005,10.0,10.0,3.5,0.2,4.0,13.0,0.06,10.0,10.0,1.0,15.0,2000.0,2000.0,240.0,41.0,0.2,0.0,0.0,12.0,0.0,0.0,51432.27,-81205.8,2000.0,0.00131,0.0005
6138,0.0,0.0,2000.0,2000.0,0.0,0.0,4.4,1.0,30.0,0.0,512.0,512.0,0.7,512.0,512.0,1.0,1.0,5.0,4.8,3.0,0.0,512.0,512.0,0.3,512.0,512.0,20.0,1.0,1.0,5.0,10.0,8.0,90.0,0.005,0.005,10.0,10.0,3.5,0.0,4.0,13.0,0.06,10.0,10.0,1.0,15.0,2000.0,2000.0,420.0,89.0,-0.6,0.0,0.0,12.0,0.0,0.0,15338.74,-461809.6,2000.0,-0.0932,-0.0912
6166,0.0,0.0,2000.0,2000.0,0.0,0.0,0.0,1.0,30.0,0.0,512.0,512.0,0.7,512.0,512.0,1.0,1.0,5.0,4.8,3.0,0.0,512.0,512.0,0.3,512.0,512.0,20.0,1.0,1.0,5.0,10.0,8.0,90.0,0.005,0.005,10.0,10.0,3.5,,4.0,13.0,0.06,10.0,10.0,1.0,15.0,2000.0,2000.0,3000.0,300.0,0.6,0.0,0.0,12.0,0.0,0.0,120821.522,-504320.69,2000.0,-0.04011,-0.001557
6167,0.0,0.0,2000.0,2000.0,0.0,0.0,0.0,1.0,30.0,0.0,512.0,512.0,0.7,512.0,512.0,1.0,1.0,5.0,4.8,3.0,0.0,512.0,512.0,0.3,512.0,512.0,20.0,1.0,1.0,5.0,10.0,8.0,90.0,0.005,0.005,10.0,10.0,3.5,,4.0,13.0,0.06,10.0,10.0,1.0,15.0,2000.0,2000.0,3000.0,300.0,0.6,0.0,0.0,12.0,0.0,0.0,120821.522,-504320.69,2000.0,-0.04011,-0.001557
6168,0.0,0.0,2000.0,2000.0,0.0,0.0,0.0,1.0,30.0,0.0,512.0,512.0,,512.0,512.0,1.0,1.0,5.0,4.8,3.0,0.0,512.0,512.0,,512.0,512.0,20.0,,1.0,5.0,10.0,8.0,,0.005,0.005,10.0,10.0,3.5,,4.0,13.0,0.06,10.0,10.0,1.0,15.0,,,3000.0,300.0,0.6,0.0,0.0,12.0,0.0,0.0,120821.522,-504320.69,2000.0,-0.04011,-0.001557
6169,0.0,0.0,2000.0,2000.0,0.0,0.0,0.0,1.0,30.0,0.0,512.0,512.0,,512.0,512.0,1.0,1.0,5.0,4.8,3.0,0.0,512.0,512.0,,512.0,512.0,20.0,,1.0,5.0,10.0,8.0,,0.005,0.005,10.0,10.0,3.5,,4.0,13.0,0.06,10.0,10.0,1.0,15.0,,,3000.0,300.0,0.6,0.0,0.0,12.0,0.0,0.0,120821.522,-504320.69,2000.0,-0.04011,-0.001557
6183,0.0,0.0,2000.0,2000.0,0.0,0.0,2.3,1.0,30.0,0.0,512.0,512.0,,512.0,512.0,1.0,1.0,5.0,4.8,3.0,0.0,512.0,512.0,,512.0,512.0,20.0,,1.0,5.0,10.0,8.0,,0.005,0.005,10.0,10.0,3.5,,4.0,13.0,0.06,10.0,10.0,1.0,15.0,,,350.0,52.0,-0.3,0.0,0.0,12.0,0.0,0.0,165009.81,-341735.6,2000.0,-0.615,-0.256
6184,0.0,0.0,2000.0,2000.0,0.0,0.0,2.3,1.0,30.0,0.0,512.0,512.0,,512.0,512.0,1.0,1.0,5.0,4.8,3.0,0.0,512.0,512.0,,512.0,512.0,20.0,,1.0,5.0,10.0,8.0,,0.005,0.005,10.0,10.0,3.5,,4.0,13.0,0.06,10.0,10.0,1.0,15.0,,,350.0,52.0,-0.3,0.0,0.0,12.0,0.0,0.0,165009.81,-341735.6,2000.0,-0.615,-0.256
6185,0.0,0.0,2000.0,2000.0,0.0,0.0,2.3,1.0,30.0,0.0,512.0,512.0,,512.0,512.0,1.0,1.0,5.0,4.8,3.0,0.0,512.0,512.0,,512.0,512.0,20.0,,1.0,5.0,10.0,8.0,,0.005,0.005,10.0,10.0,3.5,,4.0,13.0,0.06,10.0,10.0,1.0,15.0,,,350.0,52.0,-0.3,0.0,0.0,12.0,0.0,0.0,165009.81,-341735.6,2000.0,-0.615,-0.256
6186,0.0,0.0,2000.0,2000.0,0.0,0.0,2.3,1.0,30.0,0.0,512.0,512.0,,512.0,512.0,1.0,1.0,5.0,4.8,3.0,0.0,512.0,512.0,,512.0,512.0,20.0,,1.0,5.0,10.0,8.0,,0.005,0.005,10.0,10.0,3.5,,4.0,13.0,0.06,10.0,10.0,1.0,15.0,,,350.0,52.0,-0.3,0.0,0.0,12.0,0.0,0.0,165009.81,-341735.6,2000.0,-0.615,-0.256
6187,0.0,0.0,2000.0,2000.0,0.0,0.0,2.3,1.0,30.0,0.0,512.0,512.0,,512.0,512.0,1.0,1.0,5.0,4.8,3.0,0.0,512.0,512.0,,512.0,512.0,20.0,,1.0,5.0,10.0,8.0,,0.005,0.005,10.0,10.0,3.5,,4.0,13.0,0.06,10.0,10.0,1.0,15.0,,,350.0,52.0,-0.3,0.0,0.0,12.0,0.0,0.0,165009.81,-341735.6,2000.0,-0.615,-0.256
6188,0.0,0.0,2000.0,2000.0,0.0,0.0,2.3,1.0,30.0,0.0,512.0,512.0,,512.0,512.0,1.0,1.0,5.0,4.8,3.0,0.0,512.0,512.0,,512.0,512.0,20.0,,1.0,5.0,10.0,8.0,,0.005,0.005,10.0,10.0,3.5,,4.0,13.0,0.06,10.0,10.0,1.0,15.0,,,350.0,52.0,-0.3,0.0,0.0,12.0,0.0,0.0,165009.81,-341735.6,2000.0,-0.615,-0.256
6189,0.0,0.0,2000.0,2000.0,0.0,0.0,2.3,1.0,30.0,0.0,512.0,512.0,,512.0,512.0,1.0,1.0,5.0,4.8,3.0,0.0,512.0,512.0,,512.0,512.0,20.0,,1.0,5.0,10.0,8.0,,0.005,0.005,10.0,10.0,3.5,,4.0,13.0,0.06,10.0,10.0,1.0,15.0,,,350.0,52.0,-0.3,0.0,0.0,12.0,0.0,0.0,165009.81,-341735.6,2000.0,-0.615,-0.256
6190,0.0,0.0,2000.0,2000.0,0.0,0.0,2.3,1.0,30.0,0.0,512.0,512.0,,512.0,512.0,1.0,1.0,5.0,4.8,3.0,0.0,512.0,512.0,,512.0,512.0,20.0,,1.0,5.0,10.0,8.0,,0.005,0.005,10.0,10.0,3.5,,4.0,13.0,0.06,10.0,10.0,1.0,15.0,,,350.0,52.0,-0.3,0.0,0.0,12.0,0.0,0.0,165009.81,-341735.6,2000.0,-0.615,-0.256
6191,0.0,0.0,2000.0,2000.0,0.0,0.0,2.3,1.0,30.0,0.0,512.0,512.0,,512.0,512.0,1.0,1.0,5.0,4.8,3.0,0.0,512.0,512.0,,512.0,512.0,20.0,,1.0,5.0,10.0,8.0,,0.005,0.005,10.0,10.0,3.5,,4.0,13.0,0.06,10.0,10.0,1.0,15.0,,,350.0,52.0,-0.3,0.0,0.0,12.0,0.0,0.0,165009.81,-341735.6,2000.0,-0.615,-0.256
6192,0.0,0.0,2000.0,2000.0,0.0,0.0,2.3,1.0,30.0,0.0,512.0,512.0,,512.0,512.0,1.0,1.0,5.0,4.8,3.0,0.0,512.0,512.0,,512.0,512.0,20.0,,1.0,5.0,10.0,8.0,,0.005,0.005,10.0,10.0,3.5,,4.0,13.0,0.06,10.0,10.0,1.0,15.0,,,350.0,52.0,-0.3,0.0,0.0,12.0,0.0,0.0,165009.81,-341735.6,2000.0,-0.615,-0.256
6193,0.0,0.0,2000.0,2000.0,0.0,0.0,2.3,1.0,30.0,0.0,512.0,512.0,,512.0,512.0,1.0,1.0,5.0,4.8,3.0,0.0,512.0,512.0,,512.0,512.0,20.0,,1.0,5.0,10.0,8.0,,0.005,0.005,10.0,10.0,3.5,,4.0,13.0,0.06,10.0,10.0,1.0,15.0,,,350.0,52.0,-0.3,0.0,0.0,12.0,0.0,0.0,165009.81,-341735.6,2000.0,-0.615,-0.256
6194,0.0,0.0,2000.0,2000.0,0.0,0.0,2.3,1.0,30.0,0.0,512.0,512.0,,512.0,512.0,1.0,1.0,5.0,4.8,3.0,0.0,512.0,512.0,,512.0,512.0,20.0,,1.0,5.0,10.0,8.0,,0.005,0.005,10.0,10.0,3.5,,4.0,13.0,0.06,10.0,10.0,1.0,15.0,,,350.0,52.0,-0.3,0.0,0.0,12.0,0.0,0.0,165009.81,-341735.6,2000.0,-0.615,-0.256
6195,0.0,0.0,2000.0,2000.0,0.0,0.0,2.3,1.0,30.0,0.0,512.0,512.0,,512.0,512.0,1.0,1.0,5.0,4.8,3.0,0.0,512.0,512.0,,512.0,512.0,20.0,,1.0,5.0,10.0,8.0,,0.005,0.005,10.0,10.0,3.5,,4.0,13.0,0.06,10.0,10.0,1.0,15.0,,,350.0,52.0,-0.3,0.0,0.0,12.0,0.0,0.0,165009.81,-341735.6,2000.0,-0.615,-0.256
6196,0.0,0.0,2000.0,2000.0,0.0,0.0,2.3,1.0,30.0,0.0,512.0,512.0,,512.0,512.0,1.0,1.0,5.0,4.8,3.0,0.0,512.0,512.0,,512.0,512.0,20.0,,1.0,5.0,10.0,8.0,,0.005,0.005,10.0,10.0,3.5,,4.0,13.0,0.06,10.0,10.0,1.0,15.0,,,350.0,52.0,-0.3,0.0,0.0,12.0,0.0,0.0,165009.81,-341735.6,2000.0,-0.615,-0.256
6216,0.0,0.0,2000.0,2000.0,0.0,0.0,2.3,1.0,30.0,0.0,512.0,512.0,,512.0,512.0,1.0,1.0,5.0,4.8,3.0,0.0,512.0,512.0,,512.0,512.0,20.0,,1.0,5.0,10.0,8.0,,0.005,0.005,10.0,10.0,3.5,,4.0,13.0,0.06,10.0,10.0,1.0,15.0,,,350.0,52.0,-0.3,0.0,0.0,12.0,0.0,0.0,165009.81,-341735.6,2000.0,-0.615,-0.256
6218,0.0,0.0,2000.0,2000.0,0.0,0.0,2.3,1.0,30.0,0.0,512.0,512.0,,512.0,512.0,1.0,1.0,5.0,4.8,3.0,0.0,512.0,512.0,,512.0,512.0,20.0,,1.0,5.0,10.0,8.0,,0.005,0.005,10.0,10.0,3.5,,4.0,13.0,0.06,10.0,10.0,1.0,15.0,,,350.0,52.0,-0.3,0.0,0.0,12.0,0.0,0.0,165009.81,-341735.6,2000.0,-0.615,-0.256
6219,0.0,0.0,2000.0,2000.0,0.0,0.0,6.7,1.0,30.0,0.0,512.0,512.0,,512.0,512.0,1.0,1.0,5.0,4.8,3.0,0.0,512.0,512.0,,512.0,512.0,20.0,,1.0,5.0,10.0,8.0,,0.005,0.005,10.0,10.0,3.5,,4.0,13.0,0.06,10.0,10.0,1.0,15.0,,,16.0,2.0,2.7,0.0,0.0,12.0,0.0,0.0,10627.692,-395122.607,2000.0,0.016044,0.019536
6220,0.0,0.0,2000.0,2000.0,0.0,0.0,6.7,1.0,30.0,0.0,512.0,512.0,,512.0,512.0,1.0,1.0,5.0,4.8,3.0,0.0,512.0,512.0,,512.0,512.0,20.0,,1.0,5.0,10.0,8.0,,0.005,0.005,10.0,10.0,3.5,,4.0,13.0,0.06,10.0,10.0,1.0,15.0,,,16.0,2.0,2.7,0.0,0.0,12.0,0.0,0.0,10627.692,-395122.607,2000.0,0.016044,0.019536
6225,0.0,0.0,2000.0,2000.0,0.0,0.0,6.7,1.0,30.0,0.0,512.0,512.0,,512.0,512.0,1.0,1.0,5.0,4.8,3.0,0.0,512.0,512.0,,512.0,512.0,20.0,,1.0,5.0,10.0,8.0,,0.005,0.005,10.0,10.0,3.5,,4.0,13.0,0.06,10.0,10.0,1.0,15.0,,,20.0,73.0,4.1,0.0,0.0,12.0,0.0,0.0,65133.39,-65759.4,2000.0,-0.00368,0.00386
6262,0.0,0.0,2000.0,2000.0,0.0,0.0,4.4,1.0,30.0,0.0,512.0,512.0,,512.0,512.0,1.0,1.0,5.0,4.8,3.0,0.0,512.0,512.0,,512.0,512.0,20.0,,1.0,5.0,10.0,8.0,,0.005,0.005,10.0,10.0,3.5,,4.0,13.0,0.06,10.0,10.0,1.0,15.0,,,420.0,89.0,-0.6,0.0,0.0,12.0,0.0,0.0,15338.74,-461809.6,2000.0,-0.0932,-0.0912
6264,0.0,0.0,2000.0,2000.0,0.0,0.0,4.4,1.0,30.0,0.0,512.0,512.0,,512.0,512.0,1.0,1.0,5.0,4.8,3.0,0.0,512.0,512.0,,512.0,512.0,20.0,,1.0,5.0,10.0,8.0,,0.005,0.005,10.0,10.0,3.5,,4.0,13.0,0.06,10.0,10.0,1.0,15.0,,,420.0,89.0,-0.6,0.0,0.0,12.0,0.0,0.0,15338.74,-461809.6,2000.0,-0.0932,-0.0912
6265,0.0,0.0,2000.0,2000.0,0.0,0.0,4.4,1.0,30.0,0.0,512.0,512.0,,512.0,512.0,1.0,1.0,5.0,4.8,3.0,0.0,512.0,512.0,,512.0,512.0,20.0,,1.0,5.0,10.0,8.0,,0.005,0.005,10.0,10.0,3.5,,4.0,13.0,0.06,10.0,10.0,1.0,15.0,,,420.0,89.0,-0.6,0.0,0.0,12.0,0.0,0.0,15338.74,-461809.6,2000.0,-0.0932,-0.0912
6266,0.0,0.0,2000.0,2000.0,0.0,0.0,4.4,1.0,30.0,0.0,512.0,512.0,,512.0,512.0,1.0,1.0,5.0,4.8,3.0,0.0,512.0,512.0,,512.0,512.0,20.0,,1.0,5.0,10.0,8.0,,0.005,0.005,10.0,10.0,3.5,,4.0,13.0,0.06,10.0,10.0,1.0,15.0,,,420.0,89.0,-0.6,0.0,0.0,12.0,0.0,0.0,15338.74,-461809.6,2000.0,-0.0932,-0.0912
6268,0.0,0.0,2000.0,2000.0,0.0,0.0,4.4,1.0,30.0,0.0,512.0,512.0,,512.0,512.0,1.0,1.0,5.0,4.8,3.0,0.0,512.0,512.0,,512.0,512.0,20.0,,1.0,5.0,10.0,8.0,,0.005,0.005,10.0,10.0,3.5,,4.0,13.0,0.06,10.0,10.0,1.0,15.0,,,420.0,89.0,-0.6,0.0,0.0,12.0,0.0,0.0,15338.74,-461809.6,2000.0,-0.0932,-0.0912
6269,0.0,0.0,2000.0,2000.0,0.0,0.0,4.4,1.0,30.0,0.0,512.0,512.0,,512.0,512.0,1.0,1.0,5.0,4.8,3.0,0.0,512.0,512.0,,512.0,512.0,20.0,,1.0,5.0,10.0,8.0,,0.005,0.005,10.0,10.0,3.5,,4.0,13.0,0.06,10.0,10.0,1.0,15.0,,,420.0,89.0,-0.6,0.0,0.0,12.0,0.0,0.0,15338.74,-461809.6,2000.0,-0.0932,-0.0912
6270,0.0,0.0,2000.0,2000.0,0.0,0.0,4.4,1.0,30.0,0.0,512.0,512.0,,512.0,512.0,1.0,1.0,5.0,4.8,3.0,0.0,512.0,512.0,,512.0,512.0,20.0,,1.0,5.0,10.0,8.0,,0.005,0.005,10.0,10.0,3.5,,4.0,13.0,0.06,10.0,10.0,1.0,15.0,,,420.0,89.0,-0.6,0.0,0.0,12.0,0.0,0.0,15338.74,-461809.6,2000.0,-0.0932,-0.0912
6277,0.0,0.0,2000.0,2000.0,0.0,0.0,6.5,1.0,30.0,0.0,512.0,512.0,,512.0,512.0,1.0,1.0,5.0,4.8,3.0,0.0,512.0,512.0,,512.0,512.0,20.0,,1.0,5.0,10.0,8.0,,0.005,0.005,10.0,10.0,3.5,,4.0,13.0,0.06,10.0,10.0,1.0,15.0,,,6500.0,2200.0,-2.2,0.0,0.0,12.0,0.0,0.0,21920.79,-25839.4,2000.0,0.00933,-0.237
6286,0.0,0.0,2000.0,2000.0,0.0,0.0,6.5,1.0,30.0,0.0,512.0,512.0,,512.0,512.0,1.0,1.0,5.0,4.8,3.0,0.0,512.0,512.0,,512.0,512.0,20.0,,1.0,5.0,10.0,8.0,,0.005,0.005,10.0,10.0,3.5,,4.0,13.0,0.06,10.0,10.0,1.0,15.0,,,6500.0,2200.0,-2.2,0.0,0.0,12.0,0.0,0.0,21920.79,-25839.4,2000.0,0.00933,-0.237
6347,0.0,0.0,2000.0,2000.0,0.0,0.0,1.2,1.0,30.0,0.0,512.0,512.0,,512.0,512.0,1.0,1.0,5.0,4.8,3.0,0.0,512.0,512.0,,512.0,512.0,20.0,,1.0,5.0,10.0,8.0,,0.005,0.005,10.0,10.0,3.5,,4.0,13.0,0.06,10.0,10.0,1.0,15.0,,,110.0,18.0,1.1,0.0,0.0,12.0,0.0,0.0,225739.04,-293720.0,2000.0,0.329,-0.165
6348,0.0,0.0,2000.0,2000.0,0.0,0.0,1.2,1.0,30.0,0.0,512.0,512.0,,512.0,512.0,1.0,1.0,5.0,5.0,3.0,0.0,512.0,512.0,,512.0,512.0,20.0,,1.0,5.0,9.0,8.0,,0.005,0.005,10.0,10.0,3.5,,4.0,13.0,0.06,10.0,10.0,1.0,15.0,,,110.0,18.0,1.1,0.0,0.0,12.0,0.0,0.0,225739.04,-293720.0,2000.0,0.329,-0.165
6349,0.0,0.0,2000.0,2000.0,0.0,0.0,1.2,1.0,30.0,0.0,512.0,512.0,,512.0,512.0,1.0,1.0,5.0,5.0,3.0,0.0,512.0,512.0,,512.0,512.0,20.0,,1.0,5.0,9.0,8.0,,0.005,0.005,10.0,10.0,3.5,,4.0,13.0,0.06,10.0,10.0,1.0,15.0,,,110.0,18.0,1.1,0.0,0.0,12.0,0.0,0.0,225739.04,-293720.0,2000.0,0.329,-0.165
6355,0.0,0.0,2000.0,2000.0,0.0,0.0,1.2,1.0,30.0,0.0,512.0,512.0,,512.0,512.0,1.0,1.0,5.0,5.0,3.0,0.0,512.0,512.0,,512.0,512.0,20.0,,1.0,5.0,9.0,8.0,,0.005,0.005,10.0,10.0,3.5,,4.0,13.0,0.06,10.0,10.0,1.0,15.0,,,110.0,18.0,1.1,0.0,0.0,12.0,0.0,0.0,225739.04,-293720.0,2000.0,0.329,-0.165
6356,0.0,0.0,2000.0,2000.0,0.0,0.0,1.2,1.0,30.0,0.0,512.0,512.0,,512.0,512.0,1.0,1.0,5.0,4.8,3.0,0.0,512.0,512.0,,512.0,512.0,20.0,,1.0,5.0,10.0,8.0,,0.005,0.005,10.0,10.0,3.5,,4.0,13.0,0.06,10.0,10.0,1.0,15.0,,,110.0,18.0,1.1,0.0,0.0,12.0,0.0,0.0,225739.04,-293720.0,2000.0,0.329,-0.165
6357,0.0,0.0,2000.0,2000.0,0.0,0.0,1.2,1.0,30.0,0.0,512.0,512.0,,512.0,512.0,1.0,1.0,5.0,5.0,3.0,0.0,512.0,512.0,,512.0,512.0,20.0,,1.0,5.0,9.0,8.0,,0.005,0.005,10.0,10.0,3.5,,4.0,13.0,0.06,10.0,10.0,1.0,15.0,,,110.0,18.0,1.1,0.0,0.0,12.0,0.0,0.0,225739.04,-293720.0,2000.0,0.329,-0.165
6358,0.0,0.0,2000.0,2000.0,0.0,0.0,1.2,1.0,30.0,0.0,512.0,512.0,,512.0,512.0,1.0,1.0,5.0,4.8,3.0,0.0,512.0,512.0,,512.0,512.0,20.0,,1.0,5.0,10.0,8.0,,0.005,0.005,10.0,10.0,3.5,,4.0,13.0,0.06,10.0,10.0,1.0,15.0,,,110.0,18.0,1.1,0.0,0.0,12.0,0.0,0.0,225739.04,-293720.0,2000.0,0.329,-0.165
6359,0.0,0.0,2000.0,2000.0,0.0,0.0,1.2,1.0,30.0,0.0,512.0,512.0,,512.0,512.0,1.0,1.0,5.0,4.8,3.0,0.0,512.0,512.0,,512.0,512.0,20.0,,1.0,5.0,10.0,8.0,,0.005,0.005,10.0,10.0,3.5,,4.0,13.0,0.06,10.0,10.0,1.0,15.0,,,110.0,18.0,1.1,0.0,0.0,12.0,0.0,0.0,225739.04,-293720.0,2000.0,0.329,-0.165
6363,0.0,0.0,2000.0,2000.0,0.0,0.0,4.4,1.0,30.0,0.0,512.0,512.0,,512.0,512.0,1.0,1.0,5.0,4.8,3.0,0.0,512.0,512.0,,512.0,512.0,20.0,,1.0,5.0,10.0,8.0,,0.005,0.005,10.0,10.0,3.5,,4.0,13.0,0.06,10.0,10.0,1.0,15.0,,,230.0,38.0,0.4,0.0,0.0,12.0,0.0,0.0,1438.41,-185558.3,2000.0,-0.0261,-0.0736
6366,0.0,0.0,2000.0,2000.0,0.0,0.0,4.4,1.0,30.0,0.0,512.0,512.0,,512.0,512.0,1.0,1.0,5.0,4.8,3.0,0.0,512.0,512.0,,512.0,512.0,20.0,,1.0,5.0,10.0,8.0,,0.005,0.005,10.0,10.0,3.5,,4.0,13.0,0.06,10.0,10.0,1.0,15.0,,,230.0,38.0,0.4,0.0,0.0,12.0,0.0,0.0,1438.41,-185558.3,2000.0,-0.0261,-0.0736
6372,0.0,0.0,2000.0,2000.0,0.0,0.0,0.5,1.0,30.0,0.0,512.0,512.0,,512.0,512.0,1.0,1.0,5.0,4.8,3.0,0.0,512.0,512.0,,512.0,512.0,20.0,,1.0,5.0,10.0,8.0,,0.005,0.005,10.0,10.0,3.5,,4.0,13.0,0.06,10.0,10.0,1.0,15.0,,,130.0,16.0,0.8,0.0,0.0,12.0,0.0,0.0,13742.84,-571412.3,2000.0,0.087,-0.0382
6373,0.0,0.0,2000.0,2000.0,0.0,0.0,0.5,1.0,30.0,0.0,512.0,512.0,,512.0,512.0,1.0,1.0,5.0,4.8,3.0,0.0,512.0,512.0,,512.0,512.0,20.0,,1.0,5.0,10.0,8.0,,0.005,0.005,10.0,10.0,3.5,,4.0,13.0,0.06,10.0,10.0,1.0,15.0,,,130.0,16.0,0.8,0.0,0.0,12.0,0.0,0.0,13742.84,-571412.3,2000.0,0.087,-0.0382
6375,0.0,0.0,2000.0,2000.0,0.0,0.0,0.5,1.0,30.0,0.0,512.0,512.0,,512.0,512.0,1.0,1.0,5.0,4.8,3.0,0.0,512.0,512.0,,512.0,512.0,20.0,,1.0,5.0,10.0,8.0,,0.005,0.005,10.0,10.0,3.5,,4.0,13.0,0.06,10.0,10.0,1.0,15.0,,,130.0,16.0,0.8,0.0,0.0,12.0,0.0,0.0,13742.84,-571412.3,2000.0,0.087,-0.0382
6379,0.0,0.0,2000.0,2000.0,0.0,0.0,0.5,1.0,30.0,0.0,512.0,512.0,,512.0,512.0,1.0,1.0,5.0,4.8,3.0,0.0,512.0,512.0,,512.0,512.0,20.0,,1.0,5.0,10.0,8.0,,0.005,0.005,10.0,10.0,3.5,,4.0,13.0,0.06,10.0,10.0,1.0,15.0,,,130.0,16.0,0.8,0.0,0.0,12.0,0.0,0.0,13742.84,-571412.3,2000.0,0.087,-0.0382
6384,0.0,0.0,2000.0,2000.0,0.0,0.0,0.1,1.0,30.0,0.0,512.0,512.0,,512.0,512.0,1.0,1.0,5.0,4.8,3.0,0.0,512.0,512.0,,512.0,512.0,20.0,,1.0,5.0,10.0,8.0,,0.005,0.005,10.0,10.0,3.5,,4.0,13.0,0.06,10.0,10.0,1.0,15.0,,,240.0,41.0,0.2,0.0,0.0,12.0,0.0,0.0,51432.27,-81205.8,2000.0,0.00131,0.0005
6387,0.0,0.0,2000.0,2000.0,0.0,0.0,0.1,1.0,30.0,0.0,512.0,512.0,,512.0,512.0,1.0,1.0,5.0,4.8,3.0,0.0,512.0,512.0,,512.0,512.0,20.0,,1.0,5.0,10.0,8.0,,0.005,0.005,10.0,10.0,3.5,,4.0,13.0,0.06,10.0,10.0,1.0,15.0,,,240.0,40.0,0.2,0.0,0.0,12.0,0.0,0.0,51432.27,-81205.8,2000.0,0.00131,0.0005
6392,0.0,0.0,2000.0,2000.0,0.0,0.0,1.4,1.0,30.0,0.0,512.0,512.0,,512.0,512.0,1.0,1.0,5.0,4.8,3.0,0.0,512.0,512.0,,512.0,512.0,20.0,,1.0,5.0,10.0,8.0,,0.005,0.005,10.0,10.0,3.5,,4.0,13.0,0.06,10.0,10.0,1.0,15.0,,,134.0,18.0,1.0,0.0,0.0,12.0,0.0,0.0,52814.72,-204533.9,2000.0,-0.00502,-0.086
6450,0.0,0.0,2000.0,2000.0,0.0,0.0,5.1,1.0,30.0,0.0,512.0,512.0,,512.0,512.0,1.0,1.0,5.0,4.8,3.0,0.0,512.0,512.0,,512.0,512.0,20.0,,1.0,5.0,10.0,8.0,,0.005,0.005,10.0,10.0,3.5,,4.0,13.0,0.06,10.0,10.0,1.0,15.0,,,50.0,8.0,1.7,0.0,0.0,12.0,0.0,0.0,182218.57,-383924.8,2000.0,-0.0416,-0.029
6452,0.0,0.0,2000.0,2000.0,0.0,0.0,0.5,1.0,30.0,0.0,512.0,512.0,,512.0,512.0,1.0,1.0,5.0,4.8,3.0,0.0,512.0,512.0,,512.0,512.0,20.0,,1.0,5.0,10.0,8.0,,0.005,0.005,10.0,10.0,3.5,,4.0,13.0,0.06,10.0,10.0,1.0,15.0,,,130.0,16.0,0.8,0.0,0.0,12.0,0.0,0.0,13742.84,-571412.3,2000.0,0.087,-0.0382
6453,0.0,0.0,2000.0,2000.0,0.0,0.0,0.5,1.0,30.0,0.0,512.0,512.0,,512.0,512.0,1.0,1.0,5.0,4.8,3.0,0.0,512.0,512.0,,512.0,512.0,20.0,,1.0,5.0,10.0,8.0,,0.005,0.005,10.0,10.0,3.5,,4.0,13.0,0.06,10.0,10.0,1.0,15.0,,,130.0,16.0,0.8,0.0,0.0,12.0,0.0,0.0,13742.84,-571412.3,2000.0,0.087,-0.0382
6456,0.0,0.0,2000.0,2000.0,0.0,0.0,0.5,1.0,30.0,0.0,512.0,512.0,,512.0,512.0,1.0,1.0,5.0,4.8,3.0,0.0,512.0,512.0,,512.0,512.0,20.0,,1.0,5.0,10.0,8.0,,0.005,0.005,10.0,10.0,3.5,,4.0,13.0,0.06,10.0,10.0,1.0,15.0,,,130.0,16.0,0.8,0.0,0.0,12.0,0.0,0.0,13742.84,-571412.3,2000.0,0.087,-0.0382
6458,0.0,0.0,2000.0,2000.0,0.0,0.0,1.2,1.0,30.0,0.0,512.0,512.0,,512.0,512.0,1.0,1.0,5.0,4.8,3.0,0.0,512.0,512.0,,512.0,512.0,20.0,,1.0,5.0,10.0,8.0,,0.005,0.005,10.0,10.0,3.5,,4.0,13.0,0.06,10.0,10.0,1.0,15.0,,,110.0,18.0,1.1,0.0,0.0,12.0,0.0,0.0,225739.04,-293720.0,2000.0,0.329,-0.165
6466,0.0,0.0,2000.0,2000.0,0.0,0.0,1.2,1.0,30.0,0.0,512.0,512.0,,512.0,512.0,1.0,1.0,5.0,4.8,3.0,0.0,512.0,512.0,,512.0,512.0,20.0,,1.0,5.0,10.0,8.0,,0.005,0.005,10.0,10.0,3.5,,4.0,13.0,0.06,10.0,10.0,1.0,15.0,,,110.0,18.0,1.1,0.0,0.0,12.0,0.0,0.0,225739.04,-293720.0,2000.0,0.329,-0.165
6476,0.0,0.0,2000.0,2000.0,0.0,0.0,0.5,1.0,30.0,0.0,512.0,512.0,,512.0,512.0,1.0,1.0,5.0,4.8,3.0,0.0,512.0,512.0,,512.0,512.0,20.0,,1.0,5.0,10.0,8.0,,0.005,0.005,10.0,10.0,3.5,,4.0,13.0,0.06,10.0,10.0,1.0,15.0,,,130.0,16.0,0.8,0.0,0.0,12.0,0.0,0.0,13742.84,-571412.3,2000.0,0.087,-0.0382
