,DET1.APOTYPE.VAL,DET1.APOX.VAL,DET1.APOY.VAL,DET1.DIT,DET1.INTERFX.VAL,DET1.INTERFY.VAL,DET1.NCOHERENT.VAL,DET1.NINCOHERENT.VAL,DET1.SNRLIMIT.VAL,DET1.WLMAXCUT.VAL,DET1.WLMINCUT.VAL,DET2.APOTYPE.VAL,DET2.APOX.VAL,DET2.APOY.VAL,DET2.DIT,DET2.INTERFX.VAL,DET2.INTERFY.VAL,DET2.NCOHERENT.VAL,DET2.NINCOHERENT.VAL,DET2.SNRLIMIT.VAL,DET2.WLMAXCUT.VAL,DET2.WLMINCUT.VAL,INS.SFL.NAME,INS.SFN.NAME,SEQ.DARK.DURATION,SEQ.DIL.WL0,SEQ.FRINGES.DURATION,SEQ.FRINGES.NCYCLES,SEQ.OPDM.L.WLMAX,SEQ.OPDM.N.WLMAX,SEQ.OPDM.NSTEPS,SEQ.PHOTO.DURATION,SEQ.SKY.DURATION,TEL.CHOP.FREQ,TEL.CHOP.POSANG,TEL.CHOP.PVRATIO,TEL.CHOP.THROW
12,0.0,512.0,512.0,0.011,512.0,512.0,1.0,1.0,5.0,5.0,3.0,0.0,512.0,512.0,0.02,512.0,512.0,20.0,1.0,5.0,13.0,8.0,1.5,2.0,30.0,3.5,60.0,1.0,4.0,13.0,10.0,60.0,30.0,0.5,0.0,1.0,5.0
50,0.0,512.0,512.0,0.011,512.0,512.0,1.0,1.0,5.0,5.0,3.0,0.0,512.0,512.0,0.02,512.0,512.0,20.0,1.0,5.0,13.0,8.0,1.5,2.0,30.0,3.5,60.0,1.0,4.0,13.0,10.0,60.0,30.0,0.5,0.0,1.0,5.0
116,0.0,512.0,512.0,0.011,512.0,512.0,1.0,1.0,5.0,5.0,3.0,0.0,512.0,512.0,0.02,512.0,512.0,20.0,1.0,5.0,13.0,8.0,1.5,2.0,30.0,3.5,60.0,1.0,4.0,13.0,10.0,60.0,30.0,0.5,0.0,1.0,5.0
123,0.0,512.0,512.0,0.011,512.0,512.0,1.0,1.0,5.0,5.0,3.0,0.0,512.0,512.0,0.02,512.0,512.0,20.0,1.0,5.0,13.0,8.0,1.5,2.0,30.0,3.5,60.0,1.0,4.0,13.0,10.0,60.0,30.0,0.5,0.0,1.0,5.0
180,0.0,512.0,512.0,0.011,512.0,512.0,1.0,1.0,5.0,5.0,3.0,0.0,512.0,512.0,0.02,512.0,512.0,20.0,1.0,5.0,13.0,8.0,1.5,2.0,30.0,3.5,60.0,1.0,4.0,13.0,10.0,60.0,30.0,0.5,0.0,1.0,5.0
203,0.0,512.0,512.0,0.011,512.0,512.0,1.0,1.0,5.0,5.0,3.0,0.0,512.0,512.0,0.02,512.0,512.0,20.0,1.0,5.0,13.0,8.0,1.5,2.0,30.0,3.5,60.0,1.0,4.0,13.0,10.0,60.0,30.0,0.5,0.0,1.0,5.0
234,0.0,512.0,512.0,0.011,512.0,512.0,1.0,1.0,5.0,5.0,3.0,0.0,512.0,512.0,0.02,512.0,512.0,20.0,1.0,5.0,13.0,8.0,1.5,2.0,30.0,3.5,60.0,1.0,4.0,13.0,10.0,60.0,30.0,0.5,0.0,1.0,5.0
337,0.0,512.0,512.0,0.011,512.0,512.0,1.0,1.0,5.0,5.0,3.0,0.0,512.0,512.0,0.02,512.0,512.0,20.0,1.0,5.0,13.0,8.0,1.5,2.0,30.0,3.5,60.0,1.0,4.0,13.0,10.0,60.0,30.0,0.5,0.0,1.0,5.0
394,0.0,512.0,512.0,0.011,512.0,512.0,1.0,1.0,5.0,5.0,3.0,0.0,512.0,512.0,0.02,512.0,512.0,20.0,1.0,5.0,13.0,8.0,1.5,2.0,30.0,3.5,60.0,1.0,4.0,13.0,10.0,60.0,30.0,0.5,0.0,1.0,5.0
462,0.0,512.0,512.0,0.011,512.0,512.0,1.0,1.0,5.0,5.0,3.0,0.0,512.0,512.0,0.02,512.0,512.0,20.0,1.0,5.0,13.0,8.0,1.5,2.0,30.0,3.5,60.0,1.0,4.0,13.0,10.0,60.0,30.0,0.5,0.0,1.0,5.0
528,0.0,512.0,512.0,0.011,512.0,512.0,1.0,1.0,5.0,5.0,3.0,0.0,512.0,512.0,0.02,512.0,512.0,20.0,1.0,5.0,13.0,8.0,1.5,2.0,30.0,3.5,60.0,1.0,4.0,13.0,10.0,60.0,30.0,0.5,0.0,1.0,5.0
612,0.0,512.0,512.0,0.011,512.0,512.0,1.0,1.0,5.0,5.0,3.0,0.0,512.0,512.0,0.02,512.0,512.0,20.0,1.0,5.0,13.0,8.0,1.5,2.0,30.0,3.5,60.0,1.0,4.0,13.0,10.0,60.0,30.0,0.5,0.0,1.0,5.0
658,0.0,512.0,512.0,0.011,512.0,512.0,1.0,1.0,5.0,5.0,3.0,0.0,512.0,512.0,0.03,512.0,512.0,20.0,1.0,5.0,13.0,8.0,1.5,2.0,10.0,3.5,10.0,1.0,4.0,13.0,10.0,10.0,5.0,0.5,0.0,1.0,5.0
725,0.0,512.0,512.0,0.011,512.0,512.0,1.0,1.0,5.0,5.0,3.0,0.0,512.0,512.0,0.02,512.0,512.0,20.0,1.0,5.0,13.0,8.0,1.5,2.0,30.0,3.5,60.0,1.0,4.0,13.0,10.0,60.0,30.0,0.5,0.0,1.0,5.0
746,0.0,512.0,512.0,0.011,512.0,512.0,1.0,1.0,5.0,5.0,3.0,0.0,512.0,512.0,0.02,512.0,512.0,20.0,1.0,5.0,13.0,8.0,1.5,2.0,10.0,3.5,10.0,1.0,4.0,13.0,10.0,10.0,5.0,0.5,0.0,1.0,5.0
828,0.0,512.0,512.0,0.011,512.0,512.0,1.0,1.0,5.0,5.0,3.0,0.0,512.0,512.0,0.02,512.0,512.0,20.0,1.0,5.0,13.0,8.0,1.5,2.0,30.0,3.5,60.0,1.0,4.0,13.0,10.0,60.0,30.0,0.5,0.0,1.0,5.0
841,0.0,512.0,512.0,0.011,512.0,512.0,1.0,1.0,5.0,5.0,3.0,0.0,512.0,512.0,0.02,512.0,512.0,20.0,1.0,5.0,13.0,8.0,1.5,2.0,10.0,3.5,20.0,1.0,4.0,13.0,10.0,20.0,5.0,0.5,0.0,1.0,5.0
842,0.0,512.0,512.0,0.011,512.0,512.0,1.0,1.0,5.0,5.0,3.0,0.0,512.0,512.0,0.03,512.0,512.0,20.0,1.0,5.0,13.0,8.0,1.5,2.0,10.0,3.5,20.0,1.0,4.0,13.0,10.0,10.0,5.0,0.5,0.0,1.0,5.0
843,0.0,512.0,512.0,0.011,512.0,512.0,1.0,1.0,5.0,5.0,3.0,0.0,512.0,512.0,0.03,512.0,512.0,20.0,1.0,5.0,13.0,8.0,1.5,2.0,10.0,3.5,20.0,1.0,4.0,13.0,10.0,10.0,5.0,0.5,0.0,1.0,5.0
845,0.0,512.0,512.0,0.011,512.0,512.0,1.0,1.0,5.0,5.0,3.0,0.0,512.0,512.0,0.03,512.0,512.0,20.0,1.0,5.0,13.0,8.0,1.5,2.0,10.0,3.5,20.0,1.0,4.0,13.0,10.0,10.0,10.0,0.5,0.0,1.0,5.0
903,0.0,512.0,512.0,0.011,512.0,512.0,1.0,1.0,5.0,5.0,3.0,0.0,512.0,512.0,0.02,512.0,512.0,20.0,1.0,5.0,13.0,8.0,1.5,2.0,30.0,3.5,60.0,1.0,4.0,13.0,10.0,60.0,30.0,0.5,0.0,1.0,5.0
964,0.0,512.0,512.0,0.011,512.0,512.0,1.0,1.0,5.0,5.0,3.0,0.0,512.0,512.0,0.02,512.0,512.0,20.0,1.0,5.0,13.0,8.0,1.5,2.0,30.0,3.5,60.0,1.0,4.0,13.0,10.0,60.0,30.0,0.5,0.0,1.0,5.0
1010,0.0,512.0,512.0,0.011,512.0,512.0,1.0,1.0,5.0,5.0,3.0,0.0,512.0,512.0,0.02,512.0,512.0,20.0,1.0,5.0,13.0,8.0,1.5,2.0,30.0,3.5,60.0,1.0,4.0,13.0,10.0,60.0,30.0,0.5,0.0,1.0,5.0
1035,0.0,512.0,512.0,0.011,512.0,512.0,1.0,1.0,5.0,5.0,3.0,0.0,512.0,512.0,0.02,512.0,512.0,20.0,1.0,5.0,13.0,8.0,1.5,2.0,30.0,3.5,60.0,1.0,4.0,13.0,10.0,60.0,30.0,0.5,0.0,1.0,5.0
1041,0.0,512.0,512.0,0.011,512.0,512.0,1.0,1.0,5.0,5.0,3.0,0.0,512.0,512.0,0.02,512.0,512.0,20.0,1.0,5.0,13.0,8.0,1.5,2.0,30.0,3.5,60.0,1.0,4.0,13.0,10.0,60.0,30.0,0.5,0.0,1.0,5.0
1052,0.0,512.0,512.0,0.011,512.0,512.0,1.0,1.0,5.0,5.0,3.0,0.0,512.0,512.0,0.02,512.0,512.0,20.0,1.0,5.0,13.0,8.0,1.5,2.0,30.0,3.5,60.0,1.0,4.0,13.0,10.0,60.0,30.0,0.5,0.0,1.0,5.0
1059,0.0,512.0,512.0,0.011,512.0,512.0,1.0,1.0,5.0,5.0,3.0,0.0,512.0,512.0,0.02,512.0,512.0,20.0,1.0,5.0,13.0,8.0,1.5,2.0,30.0,3.5,60.0,1.0,4.0,13.0,10.0,60.0,30.0,0.5,0.0,1.0,5.0
1066,0.0,512.0,512.0,0.011,512.0,512.0,1.0,1.0,5.0,5.0,3.0,0.0,512.0,512.0,0.02,512.0,512.0,20.0,1.0,5.0,13.0,8.0,1.5,2.0,30.0,3.5,60.0,1.0,4.0,13.0,10.0,60.0,30.0,0.5,0.0,1.0,5.0
1073,0.0,512.0,512.0,0.011,512.0,512.0,1.0,1.0,5.0,5.0,3.0,0.0,512.0,512.0,0.02,512.0,512.0,20.0,1.0,5.0,13.0,8.0,1.5,2.0,30.0,3.5,60.0,1.0,4.0,13.0,10.0,60.0,30.0,0.5,0.0,1.0,5.0
1080,0.0,512.0,512.0,0.011,512.0,512.0,1.0,1.0,5.0,5.0,3.0,0.0,512.0,512.0,0.02,512.0,512.0,20.0,1.0,5.0,13.0,8.0,1.5,2.0,30.0,3.5,60.0,1.0,4.0,13.0,10.0,60.0,30.0,0.5,0.0,1.0,5.0
1095,0.0,512.0,512.0,0.011,512.0,512.0,1.0,1.0,5.0,5.0,3.0,0.0,512.0,512.0,0.02,512.0,512.0,20.0,1.0,5.0,13.0,8.0,1.5,2.0,30.0,3.5,60.0,1.0,4.0,13.0,10.0,60.0,30.0,0.5,0.0,1.0,5.0
1113,0.0,512.0,512.0,0.011,512.0,512.0,1.0,1.0,5.0,5.0,3.0,0.0,512.0,512.0,0.02,512.0,512.0,20.0,1.0,5.0,13.0,8.0,1.5,2.0,30.0,3.5,60.0,1.0,4.0,13.0,10.0,60.0,30.0,0.5,0.0,1.0,5.0
1140,0.0,512.0,512.0,0.011,512.0,512.0,1.0,1.0,5.0,5.0,3.0,0.0,512.0,512.0,0.02,512.0,512.0,20.0,1.0,5.0,13.0,8.0,1.5,2.0,30.0,3.5,60.0,1.0,4.0,13.0,10.0,60.0,30.0,0.5,0.0,1.0,5.0
1187,0.0,512.0,512.0,0.011,512.0,512.0,1.0,1.0,5.0,5.0,3.0,0.0,512.0,512.0,0.02,512.0,512.0,20.0,1.0,5.0,13.0,8.0,1.5,2.0,30.0,3.5,60.0,1.0,4.0,13.0,10.0,60.0,30.0,0.5,0.0,1.0,5.0
1232,0.0,512.0,512.0,0.011,512.0,512.0,1.0,1.0,5.0,5.0,3.0,0.0,512.0,512.0,0.02,512.0,512.0,20.0,1.0,5.0,13.0,8.0,1.5,2.0,30.0,3.5,60.0,1.0,4.0,13.0,10.0,60.0,30.0,0.5,0.0,1.0,5.0
1286,0.0,512.0,512.0,0.011,512.0,512.0,1.0,1.0,5.0,5.0,3.0,0.0,512.0,512.0,0.02,512.0,512.0,20.0,1.0,5.0,13.0,8.0,1.5,2.0,30.0,3.5,60.0,1.0,4.0,13.0,10.0,60.0,30.0,0.5,0.0,1.0,5.0
1323,0.0,512.0,512.0,0.011,512.0,512.0,1.0,1.0,5.0,5.0,3.0,0.0,512.0,512.0,0.02,512.0,512.0,20.0,1.0,5.0,13.0,8.0,1.5,2.0,30.0,3.5,60.0,1.0,4.0,13.0,10.0,60.0,30.0,0.5,0.0,1.0,5.0
1366,0.0,512.0,512.0,0.011,512.0,512.0,1.0,1.0,5.0,5.0,3.0,0.0,512.0,512.0,0.02,512.0,512.0,20.0,1.0,5.0,13.0,8.0,1.5,2.0,30.0,3.5,60.0,1.0,4.0,13.0,10.0,60.0,30.0,0.5,0.0,1.0,5.0
1374,0.0,512.0,512.0,0.011,512.0,512.0,1.0,1.0,5.0,5.0,3.0,0.0,512.0,512.0,0.02,512.0,512.0,20.0,1.0,5.0,13.0,8.0,1.5,2.0,30.0,3.5,60.0,1.0,4.0,13.0,10.0,60.0,30.0,0.5,0.0,1.0,5.0
1441,0.0,512.0,512.0,0.011,512.0,512.0,1.0,1.0,5.0,5.0,3.0,0.0,512.0,512.0,0.02,512.0,512.0,20.0,1.0,5.0,13.0,8.0,1.5,2.0,30.0,3.5,60.0,1.0,4.0,13.0,10.0,60.0,30.0,0.5,0.0,1.0,5.0
1490,0.0,512.0,512.0,0.011,512.0,512.0,1.0,1.0,5.0,5.0,3.0,0.0,512.0,512.0,0.02,512.0,512.0,20.0,1.0,5.0,13.0,8.0,1.5,2.0,30.0,3.5,60.0,1.0,4.0,13.0,10.0,60.0,30.0,0.5,0.0,1.0,5.0
1520,0.0,512.0,512.0,0.011,512.0,512.0,1.0,1.0,5.0,5.0,3.0,0.0,512.0,512.0,0.02,512.0,512.0,20.0,1.0,5.0,13.0,8.0,1.5,2.0,30.0,3.5,60.0,1.0,4.0,13.0,10.0,60.0,30.0,0.5,0.0,1.0,5.0
1563,0.0,512.0,512.0,0.011,512.0,512.0,1.0,1.0,5.0,5.0,3.0,0.0,512.0,512.0,0.02,512.0,512.0,20.0,1.0,5.0,13.0,8.0,1.5,2.0,30.0,3.5,60.0,1.0,4.0,13.0,10.0,60.0,30.0,0.5,0.0,1.0,5.0
1633,0.0,512.0,512.0,0.011,512.0,512.0,1.0,1.0,5.0,5.0,3.0,0.0,512.0,512.0,0.02,512.0,512.0,20.0,1.0,5.0,13.0,8.0,1.5,2.0,30.0,3.5,60.0,1.0,4.0,13.0,10.0,60.0,30.0,0.5,0.0,1.0,5.0
1645,0.0,512.0,512.0,0.011,512.0,512.0,1.0,1.0,5.0,5.0,3.0,0.0,512.0,512.0,0.02,512.0,512.0,20.0,1.0,5.0,13.0,8.0,1.5,2.0,30.0,3.5,60.0,1.0,4.0,13.0,10.0,60.0,30.0,0.5,0.0,1.0,5.0
1647,0.0,512.0,512.0,0.011,512.0,512.0,1.0,1.0,5.0,5.0,3.0,0.0,512.0,512.0,0.02,512.0,512.0,20.0,1.0,5.0,13.0,8.0,1.5,2.0,30.0,3.5,60.0,1.0,4.0,13.0,10.0,60.0,30.0,0.5,0.0,1.0,5.0
1681,0.0,512.0,512.0,0.011,512.0,512.0,1.0,1.0,5.0,5.0,3.0,0.0,512.0,512.0,0.02,512.0,512.0,20.0,1.0,5.0,13.0,8.0,1.5,2.0,30.0,3.5,60.0,1.0,4.0,13.0,10.0,60.0,30.0,0.5,0.0,1.0,5.0
1709,0.0,512.0,512.0,0.011,512.0,512.0,1.0,1.0,5.0,5.0,3.0,0.0,512.0,512.0,0.02,512.0,512.0,20.0,1.0,5.0,13.0,8.0,1.5,2.0,30.0,3.5,60.0,1.0,4.0,13.0,10.0,60.0,30.0,0.5,0.0,1.0,5.0
1714,0.0,512.0,512.0,0.2,512.0,512.0,1.0,1.0,5.0,5.0,3.0,0.0,512.0,512.0,0.03,512.0,512.0,20.0,1.0,5.0,13.0,8.0,1.5,2.0,10.0,3.5,10.0,1.0,4.0,13.0,10.0,10.0,5.0,0.5,0.0,1.0,5.0
1753,0.0,512.0,512.0,0.011,512.0,512.0,1.0,1.0,5.0,5.0,3.0,0.0,512.0,512.0,0.02,512.0,512.0,20.0,1.0,5.0,13.0,8.0,1.5,2.0,30.0,3.5,60.0,1.0,4.0,13.0,10.0,60.0,30.0,0.5,0.0,1.0,5.0
1769,0.0,512.0,512.0,0.2,512.0,512.0,1.0,1.0,5.0,5.0,3.0,0.0,512.0,512.0,0.03,512.0,512.0,20.0,1.0,5.0,13.0,8.0,1.5,2.0,10.0,3.5,10.0,1.0,4.0,13.0,10.0,10.0,5.0,0.5,0.0,1.0,5.0
1770,0.0,512.0,512.0,0.011,512.0,512.0,1.0,1.0,5.0,5.0,3.0,0.0,512.0,512.0,0.03,512.0,512.0,20.0,1.0,5.0,13.0,8.0,1.5,2.0,10.0,3.5,10.0,1.0,4.0,13.0,10.0,10.0,5.0,0.5,0.0,1.0,5.0
1771,0.0,512.0,512.0,0.2,512.0,512.0,1.0,1.0,5.0,5.0,3.0,0.0,512.0,512.0,0.03,512.0,512.0,20.0,1.0,5.0,13.0,8.0,1.5,2.0,10.0,3.5,10.0,1.0,4.0,13.0,10.0,10.0,5.0,0.5,0.0,1.0,5.0
1772,0.0,512.0,512.0,0.5,512.0,512.0,1.0,1.0,5.0,5.0,3.0,0.0,512.0,512.0,0.03,512.0,512.0,20.0,1.0,5.0,13.0,8.0,1.5,2.0,10.0,3.5,10.0,1.0,4.0,13.0,10.0,10.0,5.0,0.5,0.0,1.0,5.0
1773,0.0,512.0,512.0,0.011,512.0,512.0,1.0,1.0,5.0,5.0,3.0,0.0,512.0,512.0,0.03,512.0,512.0,20.0,1.0,5.0,13.0,8.0,1.5,2.0,10.0,3.5,10.0,1.0,4.0,13.0,10.0,10.0,5.0,0.5,0.0,1.0,5.0
1816,0.0,512.0,512.0,0.011,512.0,512.0,1.0,1.0,5.0,5.0,3.0,0.0,512.0,512.0,0.02,512.0,512.0,20.0,1.0,5.0,13.0,8.0,1.5,2.0,30.0,3.5,60.0,1.0,4.0,13.0,10.0,60.0,30.0,0.5,0.0,1.0,5.0
1822,0.0,512.0,512.0,0.011,512.0,512.0,1.0,1.0,5.0,5.0,3.0,0.0,512.0,512.0,0.03,512.0,512.0,20.0,1.0,5.0,13.0,8.0,1.5,2.0,10.0,3.5,10.0,1.0,4.0,13.0,10.0,10.0,5.0,0.5,0.0,1.0,5.0
1823,0.0,512.0,512.0,0.2,512.0,512.0,1.0,1.0,5.0,5.0,3.0,0.0,512.0,512.0,0.03,512.0,512.0,20.0,1.0,5.0,13.0,8.0,1.5,2.0,10.0,3.5,10.0,1.0,4.0,13.0,10.0,10.0,5.0,0.5,0.0,1.0,5.0
1824,0.0,512.0,512.0,0.5,512.0,512.0,1.0,1.0,5.0,5.0,3.0,0.0,512.0,512.0,0.03,512.0,512.0,20.0,1.0,5.0,13.0,8.0,1.5,2.0,10.0,3.5,10.0,1.0,4.0,13.0,10.0,10.0,5.0,0.5,0.0,1.0,5.0
1825,0.0,512.0,512.0,0.011,512.0,512.0,1.0,1.0,5.0,5.0,3.0,0.0,512.0,512.0,0.03,512.0,512.0,20.0,1.0,5.0,13.0,8.0,1.5,2.0,10.0,3.5,10.0,1.0,4.0,13.0,10.0,10.0,5.0,0.5,0.0,1.0,5.0
1826,0.0,512.0,512.0,0.2,512.0,512.0,1.0,1.0,5.0,5.0,3.0,0.0,512.0,512.0,0.03,512.0,512.0,20.0,1.0,5.0,13.0,8.0,1.5,2.0,10.0,3.5,10.0,1.0,4.0,13.0,10.0,10.0,5.0,0.5,0.0,1.0,5.0
1827,0.0,512.0,512.0,0.5,512.0,512.0,1.0,1.0,5.0,5.0,3.0,0.0,512.0,512.0,0.03,512.0,512.0,20.0,1.0,5.0,13.0,8.0,1.5,2.0,10.0,3.5,10.0,1.0,4.0,13.0,10.0,10.0,5.0,0.5,0.0,1.0,5.0
1869,0.0,512.0,512.0,0.011,512.0,512.0,1.0,1.0,5.0,5.0,3.0,0.0,512.0,512.0,0.02,512.0,512.0,20.0,1.0,5.0,13.0,8.0,1.5,2.0,30.0,3.5,60.0,1.0,4.0,13.0,10.0,60.0,30.0,0.5,0.0,1.0,5.0
1875,0.0,512.0,512.0,0.011,512.0,512.0,1.0,1.0,5.0,5.0,3.0,0.0,512.0,512.0,0.03,512.0,512.0,20.0,1.0,5.0,13.0,8.0,1.5,2.0,10.0,3.5,10.0,1.0,4.0,13.0,10.0,10.0,5.0,0.5,0.0,1.0,5.0
1876,0.0,512.0,512.0,0.2,512.0,512.0,1.0,1.0,5.0,5.0,3.0,0.0,512.0,512.0,0.03,512.0,512.0,20.0,1.0,5.0,13.0,8.0,1.5,2.0,10.0,3.5,10.0,1.0,4.0,13.0,10.0,10.0,5.0,0.5,0.0,1.0,5.0
1877,0.0,512.0,512.0,0.5,512.0,512.0,1.0,1.0,5.0,5.0,3.0,0.0,512.0,512.0,0.03,512.0,512.0,20.0,1.0,5.0,13.0,8.0,1.5,2.0,10.0,3.5,10.0,1.0,4.0,13.0,10.0,10.0,5.0,0.5,0.0,1.0,5.0
1878,0.0,512.0,512.0,0.011,512.0,512.0,1.0,1.0,5.0,5.0,3.0,0.0,512.0,512.0,0.03,512.0,512.0,20.0,1.0,5.0,13.0,8.0,1.5,2.0,10.0,3.5,10.0,1.0,4.0,13.0,10.0,10.0,5.0,0.5,0.0,1.0,5.0
1879,0.0,512.0,512.0,0.2,512.0,512.0,1.0,1.0,5.0,5.0,3.0,0.0,512.0,512.0,0.03,512.0,512.0,20.0,1.0,5.0,13.0,8.0,1.5,2.0,10.0,3.5,10.0,1.0,4.0,13.0,10.0,10.0,5.0,0.5,0.0,1.0,5.0
1880,0.0,512.0,512.0,0.5,512.0,512.0,1.0,1.0,5.0,5.0,3.0,0.0,512.0,512.0,0.03,512.0,512.0,20.0,1.0,5.0,13.0,8.0,1.5,2.0,10.0,3.5,10.0,1.0,4.0,13.0,10.0,10.0,5.0,0.5,0.0,1.0,5.0
1888,0.0,512.0,512.0,0.011,512.0,512.0,1.0,1.0,5.0,5.0,3.0,0.0,512.0,512.0,0.02,512.0,512.0,20.0,1.0,5.0,13.0,8.0,1.5,2.0,30.0,3.5,60.0,1.0,4.0,13.0,10.0,60.0,30.0,0.5,0.0,1.0,5.0
1951,0.0,512.0,512.0,0.011,512.0,512.0,1.0,1.0,5.0,5.0,3.0,0.0,512.0,512.0,0.02,512.0,512.0,20.0,1.0,5.0,13.0,8.0,1.5,2.0,30.0,3.5,60.0,1.0,4.0,13.0,10.0,60.0,30.0,0.5,0.0,1.0,5.0
1967,0.0,512.0,512.0,0.011,512.0,512.0,1.0,1.0,5.0,5.0,3.0,0.0,512.0,512.0,0.02,512.0,512.0,20.0,1.0,5.0,13.0,8.0,1.5,2.0,30.0,3.5,60.0,1.0,4.0,13.0,10.0,60.0,30.0,0.5,0.0,1.0,5.0
2022,0.0,512.0,512.0,0.011,512.0,512.0,1.0,1.0,5.0,5.0,3.0,0.0,512.0,512.0,0.02,512.0,512.0,20.0,1.0,5.0,13.0,8.0,1.5,2.0,30.0,3.5,60.0,1.0,4.0,13.0,10.0,60.0,30.0,0.5,0.0,1.0,5.0
2095,0.0,512.0,512.0,0.011,512.0,512.0,1.0,1.0,5.0,5.0,3.0,0.0,512.0,512.0,0.02,512.0,512.0,20.0,1.0,5.0,13.0,8.0,1.5,2.0,30.0,3.5,60.0,1.0,4.0,13.0,10.0,60.0,30.0,0.5,0.0,1.0,5.0
2165,0.0,512.0,512.0,0.011,512.0,512.0,1.0,1.0,5.0,5.0,3.0,0.0,512.0,512.0,0.02,512.0,512.0,20.0,1.0,5.0,13.0,8.0,1.5,2.0,30.0,3.5,60.0,1.0,4.0,13.0,10.0,60.0,30.0,0.5,0.0,1.0,5.0
2172,0.0,512.0,512.0,0.011,512.0,512.0,1.0,1.0,5.0,5.0,3.0,0.0,512.0,512.0,0.03,512.0,512.0,20.0,1.0,5.0,13.0,8.0,1.5,2.0,10.0,3.5,10.0,1.0,4.0,13.0,10.0,10.0,5.0,0.5,0.0,1.0,5.0
2173,0.0,512.0,512.0,0.2,512.0,512.0,1.0,1.0,5.0,5.0,3.0,0.0,512.0,512.0,0.03,512.0,512.0,20.0,1.0,5.0,13.0,8.0,1.5,2.0,10.0,3.5,10.0,1.0,4.0,13.0,10.0,10.0,5.0,0.5,0.0,1.0,5.0
2174,0.0,512.0,512.0,0.5,512.0,512.0,1.0,1.0,5.0,5.0,3.0,0.0,512.0,512.0,0.03,512.0,512.0,20.0,1.0,5.0,13.0,8.0,1.5,2.0,10.0,3.5,10.0,1.0,4.0,13.0,10.0,10.0,5.0,0.5,0.0,1.0,5.0
2183,0.0,512.0,512.0,0.011,512.0,512.0,1.0,1.0,5.0,5.0,3.0,0.0,512.0,512.0,0.03,512.0,512.0,20.0,1.0,5.0,13.0,8.0,1.5,2.0,10.0,3.5,10.0,1.0,4.0,13.0,10.0,10.0,5.0,0.5,0.0,1.0,5.0
2184,0.0,512.0,512.0,0.2,512.0,512.0,1.0,1.0,5.0,5.0,3.0,0.0,512.0,512.0,0.03,512.0,512.0,20.0,1.0,5.0,13.0,8.0,1.5,2.0,10.0,3.5,10.0,1.0,4.0,13.0,10.0,10.0,5.0,0.5,0.0,1.0,5.0
2185,0.0,512.0,512.0,0.5,512.0,512.0,1.0,1.0,5.0,5.0,3.0,0.0,512.0,512.0,0.03,512.0,512.0,20.0,1.0,5.0,13.0,8.0,1.5,2.0,10.0,3.5,10.0,1.0,4.0,13.0,10.0,10.0,5.0,0.5,0.0,1.0,5.0
2186,0.0,512.0,512.0,0.011,512.0,512.0,1.0,1.0,5.0,5.0,3.0,0.0,512.0,512.0,0.03,512.0,512.0,20.0,1.0,5.0,13.0,8.0,1.5,2.0,10.0,3.5,10.0,1.0,4.0,13.0,10.0,10.0,5.0,0.5,0.0,1.0,5.0
2187,0.0,512.0,512.0,0.2,512.0,512.0,1.0,1.0,5.0,5.0,3.0,0.0,512.0,512.0,0.03,512.0,512.0,20.0,1.0,5.0,13.0,8.0,1.5,2.0,10.0,3.5,10.0,1.0,4.0,13.0,10.0,10.0,5.0,0.5,0.0,1.0,5.0
2188,0.0,512.0,512.0,0.5,512.0,512.0,1.0,1.0,5.0,5.0,3.0,0.0,512.0,512.0,0.03,512.0,512.0,20.0,1.0,5.0,13.0,8.0,1.5,2.0,10.0,3.5,10.0,1.0,4.0,13.0,10.0,10.0,5.0,0.5,0.0,1.0,5.0
2199,0.0,512.0,512.0,0.011,512.0,512.0,1.0,1.0,5.0,5.0,3.0,0.0,512.0,512.0,0.02,512.0,512.0,20.0,1.0,5.0,13.0,8.0,1.5,2.0,30.0,3.5,60.0,1.0,4.0,13.0,10.0,60.0,30.0,0.5,0.0,1.0,5.0
2229,0.0,512.0,512.0,0.011,512.0,512.0,1.0,1.0,5.0,5.0,3.0,0.0,512.0,512.0,0.02,512.0,512.0,20.0,1.0,5.0,13.0,8.0,1.5,2.0,30.0,3.5,60.0,1.0,4.0,13.0,10.0,60.0,30.0,0.5,0.0,1.0,5.0
2238,0.0,512.0,512.0,0.011,512.0,512.0,1.0,1.0,5.0,5.0,3.0,0.0,512.0,512.0,0.02,512.0,512.0,20.0,1.0,5.0,13.0,8.0,1.5,2.0,30.0,3.5,60.0,1.0,4.0,13.0,10.0,60.0,30.0,0.5,0.0,1.0,5.0
2253,0.0,512.0,512.0,0.011,512.0,512.0,1.0,1.0,5.0,5.0,3.0,0.0,512.0,512.0,0.02,512.0,512.0,20.0,1.0,5.0,13.0,8.0,1.5,2.0,30.0,3.5,60.0,1.0,4.0,13.0,10.0,60.0,30.0,0.5,0.0,1.0,5.0
2264,0.0,512.0,512.0,0.2,512.0,512.0,1.0,1.0,5.0,5.0,3.0,0.0,512.0,512.0,0.03,512.0,512.0,20.0,1.0,5.0,13.0,8.0,1.5,2.0,10.0,3.5,10.0,1.0,4.0,13.0,10.0,10.0,5.0,0.5,0.0,1.0,5.0
2265,0.0,512.0,512.0,0.2,512.0,512.0,1.0,1.0,5.0,5.0,3.0,0.0,512.0,512.0,0.03,512.0,512.0,20.0,1.0,5.0,13.0,8.0,1.5,2.0,10.0,3.5,10.0,1.0,4.0,13.0,10.0,10.0,5.0,0.5,0.0,1.0,5.0
2325,0.0,512.0,512.0,0.011,512.0,512.0,1.0,1.0,5.0,5.0,3.0,0.0,512.0,512.0,0.02,512.0,512.0,20.0,1.0,5.0,13.0,8.0,1.5,2.0,30.0,3.5,60.0,1.0,4.0,13.0,10.0,60.0,30.0,0.5,0.0,1.0,5.0
2360,0.0,512.0,512.0,0.011,512.0,512.0,1.0,1.0,5.0,5.0,3.0,0.0,512.0,512.0,0.02,512.0,512.0,20.0,1.0,5.0,13.0,8.0,1.5,2.0,30.0,3.5,60.0,1.0,4.0,13.0,10.0,60.0,30.0,0.5,0.0,1.0,5.0
2369,0.0,512.0,512.0,0.011,512.0,512.0,1.0,1.0,5.0,5.0,3.0,0.0,512.0,512.0,0.02,512.0,512.0,20.0,1.0,5.0,13.0,8.0,1.5,2.0,30.0,3.5,60.0,1.0,4.0,13.0,10.0,60.0,30.0,0.5,0.0,1.0,5.0
2384,0.0,512.0,512.0,0.011,512.0,512.0,1.0,1.0,5.0,5.0,3.0,0.0,512.0,512.0,0.02,512.0,512.0,20.0,1.0,5.0,13.0,8.0,1.5,2.0,30.0,3.5,60.0,1.0,4.0,13.0,10.0,60.0,30.0,0.5,0.0,1.0,5.0
2391,0.0,512.0,512.0,0.011,512.0,512.0,1.0,1.0,5.0,5.0,3.0,0.0,512.0,512.0,0.02,512.0,512.0,20.0,1.0,5.0,13.0,8.0,1.5,2.0,30.0,3.5,60.0,1.0,4.0,13.0,10.0,60.0,30.0,0.5,0.0,1.0,5.0
2398,0.0,512.0,512.0,0.011,512.0,512.0,1.0,1.0,5.0,5.0,3.0,0.0,512.0,512.0,0.02,512.0,512.0,20.0,1.0,5.0,13.0,8.0,1.5,2.0,30.0,3.5,60.0,1.0,4.0,13.0,10.0,60.0,30.0,0.5,0.0,1.0,5.0
2414,0.0,512.0,512.0,0.011,512.0,512.0,1.0,1.0,5.0,5.0,3.0,0.0,512.0,512.0,0.02,512.0,512.0,20.0,1.0,5.0,13.0,8.0,1.5,2.0,30.0,3.5,60.0,1.0,4.0,13.0,10.0,60.0,30.0,0.5,0.0,1.0,5.0
2448,0.0,512.0,512.0,0.011,512.0,512.0,1.0,1.0,5.0,5.0,3.0,0.0,512.0,512.0,0.02,512.0,512.0,20.0,1.0,5.0,13.0,8.0,1.5,2.0,30.0,3.5,60.0,1.0,4.0,13.0,10.0,60.0,30.0,0.5,0.0,1.0,5.0
2452,0.0,512.0,512.0,0.011,512.0,512.0,1.0,1.0,5.0,5.0,3.0,0.0,512.0,512.0,0.02,512.0,512.0,20.0,1.0,5.0,13.0,8.0,1.5,2.0,30.0,3.5,60.0,1.0,4.0,13.0,10.0,60.0,30.0,0.5,0.0,1.0,5.0
2513,0.0,512.0,512.0,0.011,512.0,512.0,1.0,1.0,5.0,5.0,3.0,0.0,512.0,512.0,0.02,512.0,512.0,20.0,1.0,5.0,13.0,8.0,1.5,2.0,30.0,3.5,60.0,1.0,4.0,13.0,10.0,60.0,30.0,0.5,0.0,1.0,5.0
2587,0.0,512.0,512.0,0.011,512.0,512.0,1.0,1.0,5.0,5.0,3.0,0.0,512.0,512.0,0.02,512.0,512.0,20.0,1.0,5.0,13.0,8.0,1.5,2.0,30.0,3.5,60.0,1.0,4.0,13.0,10.0,60.0,30.0,0.5,0.0,1.0,5.0
2637,0.0,512.0,512.0,0.011,512.0,512.0,1.0,1.0,5.0,5.0,3.0,0.0,512.0,512.0,0.02,512.0,512.0,20.0,1.0,5.0,13.0,8.0,1.5,2.0,30.0,3.5,60.0,1.0,4.0,13.0,10.0,60.0,30.0,0.5,0.0,1.0,5.0
2652,0.0,512.0,512.0,0.011,512.0,512.0,1.0,1.0,5.0,5.0,3.0,0.0,512.0,512.0,0.02,512.0,512.0,20.0,1.0,5.0,13.0,8.0,1.5,2.0,30.0,3.5,60.0,1.0,4.0,13.0,10.0,60.0,30.0,0.5,0.0,1.0,5.0
2655,0.0,512.0,512.0,0.011,512.0,512.0,1.0,1.0,5.0,5.0,3.0,0.0,512.0,512.0,0.02,512.0,512.0,20.0,1.0,5.0,13.0,8.0,1.5,2.0,30.0,3.5,60.0,1.0,4.0,13.0,10.0,60.0,30.0,0.5,0.0,1.0,5.0
2720,0.0,512.0,512.0,0.011,512.0,512.0,1.0,1.0,5.0,5.0,3.0,0.0,512.0,512.0,0.02,512.0,512.0,20.0,1.0,5.0,13.0,8.0,1.5,2.0,30.0,3.5,60.0,1.0,4.0,13.0,10.0,60.0,30.0,0.5,0.0,1.0,5.0
2731,0.0,512.0,512.0,0.011,512.0,512.0,1.0,1.0,5.0,5.0,3.0,0.0,512.0,512.0,0.02,512.0,512.0,20.0,1.0,5.0,13.0,8.0,1.5,2.0,30.0,3.5,60.0,1.0,4.0,13.0,10.0,60.0,30.0,0.5,0.0,1.0,5.0
2732,0.0,512.0,512.0,0.011,512.0,512.0,1.0,1.0,5.0,5.0,3.0,0.0,512.0,512.0,0.02,512.0,512.0,20.0,1.0,5.0,13.0,8.0,1.5,2.0,30.0,3.5,60.0,1.0,4.0,13.0,10.0,60.0,30.0,0.5,0.0,1.0,5.0
2798,0.0,512.0,512.0,0.011,512.0,512.0,1.0,1.0,5.0,5.0,3.0,0.0,512.0,512.0,0.02,512.0,512.0,20.0,1.0,5.0,13.0,8.0,1.5,2.0,30.0,3.5,60.0,1.0,4.0,13.0,10.0,60.0,30.0,0.5,0.0,1.0,5.0
2802,0.0,512.0,512.0,0.011,512.0,512.0,1.0,1.0,5.0,5.0,3.0,0.0,512.0,512.0,0.02,512.0,512.0,20.0,1.0,5.0,13.0,8.0,1.5,2.0,30.0,3.5,60.0,1.0,4.0,13.0,10.0,60.0,30.0,0.5,0.0,1.0,5.0
2806,0.0,512.0,512.0,0.011,512.0,512.0,1.0,1.0,5.0,5.0,3.0,0.0,512.0,512.0,0.02,512.0,512.0,20.0,1.0,5.0,13.0,8.0,1.5,2.0,30.0,3.5,60.0,1.0,4.0,13.0,10.0,60.0,30.0,0.5,0.0,1.0,5.0
2807,0.0,512.0,512.0,0.011,512.0,512.0,1.0,1.0,5.0,5.0,3.0,0.0,512.0,512.0,0.02,512.0,512.0,20.0,1.0,5.0,13.0,8.0,1.5,2.0,30.0,3.5,60.0,1.0,4.0,13.0,10.0,60.0,30.0,0.5,0.0,1.0,5.0
2843,0.0,512.0,512.0,0.011,512.0,512.0,1.0,1.0,5.0,5.0,3.0,0.0,512.0,512.0,0.02,512.0,512.0,20.0,1.0,5.0,13.0,8.0,1.5,2.0,30.0,3.5,60.0,1.0,4.0,13.0,10.0,60.0,30.0,0.5,0.0,1.0,5.0
2869,0.0,512.0,512.0,0.011,512.0,512.0,1.0,1.0,5.0,5.0,3.0,0.0,512.0,512.0,0.02,512.0,512.0,20.0,1.0,5.0,13.0,8.0,1.5,2.0,30.0,3.5,60.0,1.0,4.0,13.0,10.0,60.0,30.0,0.5,0.0,1.0,5.0
2870,0.0,512.0,512.0,0.011,512.0,512.0,1.0,1.0,5.0,5.0,3.0,0.0,512.0,512.0,0.02,512.0,512.0,20.0,1.0,5.0,13.0,8.0,1.5,2.0,30.0,3.5,60.0,1.0,4.0,13.0,10.0,60.0,30.0,0.5,0.0,1.0,5.0
2871,0.0,512.0,512.0,0.011,512.0,512.0,1.0,1.0,5.0,5.0,3.0,0.0,512.0,512.0,0.02,512.0,512.0,20.0,1.0,5.0,13.0,8.0,1.5,2.0,30.0,3.5,60.0,1.0,4.0,13.0,10.0,60.0,30.0,0.5,0.0,1.0,5.0
2872,0.0,512.0,512.0,0.011,512.0,512.0,1.0,1.0,5.0,5.0,3.0,0.0,512.0,512.0,0.02,512.0,512.0,20.0,1.0,5.0,13.0,8.0,1.5,2.0,30.0,3.5,60.0,1.0,4.0,13.0,10.0,60.0,30.0,0.5,0.0,1.0,5.0
2885,0.0,512.0,512.0,0.011,512.0,512.0,1.0,1.0,5.0,5.0,3.0,0.0,512.0,512.0,0.02,512.0,512.0,20.0,1.0,5.0,13.0,8.0,1.5,2.0,30.0,3.5,60.0,1.0,4.0,13.0,10.0,60.0,30.0,0.5,0.0,1.0,5.0
2936,0.0,512.0,512.0,0.011,512.0,512.0,1.0,1.0,5.0,5.0,3.0,0.0,512.0,512.0,0.02,512.0,512.0,20.0,1.0,5.0,13.0,8.0,1.5,2.0,30.0,3.5,60.0,1.0,4.0,13.0,10.0,60.0,30.0,0.5,0.0,1.0,5.0
3013,0.0,512.0,512.0,0.011,512.0,512.0,1.0,1.0,5.0,5.0,3.0,0.0,512.0,512.0,0.02,512.0,512.0,20.0,1.0,5.0,13.0,8.0,1.5,2.0,30.0,3.5,60.0,1.0,4.0,13.0,10.0,60.0,30.0,0.5,0.0,1.0,5.0
3079,0.0,512.0,512.0,0.011,512.0,512.0,1.0,1.0,5.0,5.0,3.0,0.0,512.0,512.0,0.02,512.0,512.0,20.0,1.0,5.0,13.0,8.0,1.5,2.0,30.0,3.5,60.0,1.0,4.0,13.0,10.0,60.0,30.0,0.5,0.0,1.0,5.0
3115,0.0,512.0,512.0,0.011,512.0,512.0,1.0,1.0,5.0,5.0,3.0,0.0,512.0,512.0,0.02,512.0,512.0,20.0,1.0,5.0,13.0,8.0,1.5,2.0,30.0,3.5,60.0,1.0,4.0,13.0,10.0,60.0,30.0,0.5,0.0,1.0,5.0
3186,0.0,512.0,512.0,0.011,512.0,512.0,1.0,1.0,5.0,5.0,3.0,0.0,512.0,512.0,0.02,512.0,512.0,20.0,1.0,5.0,13.0,8.0,1.5,2.0,30.0,3.5,60.0,1.0,4.0,13.0,10.0,60.0,30.0,0.5,0.0,1.0,5.0
3270,0.0,512.0,512.0,0.011,512.0,512.0,1.0,1.0,5.0,5.0,3.0,0.0,512.0,512.0,0.02,512.0,512.0,20.0,1.0,5.0,13.0,8.0,1.5,2.0,30.0,3.5,60.0,1.0,4.0,13.0,10.0,60.0,30.0,0.5,0.0,1.0,5.0
3291,0.0,512.0,512.0,0.011,512.0,512.0,1.0,1.0,5.0,5.0,3.0,0.0,512.0,512.0,0.02,512.0,512.0,20.0,1.0,5.0,13.0,8.0,1.5,2.0,30.0,3.5,60.0,1.0,4.0,13.0,10.0,60.0,30.0,0.5,0.0,1.0,5.0
3301,0.0,512.0,512.0,0.011,512.0,512.0,1.0,1.0,5.0,5.0,3.0,0.0,512.0,512.0,0.02,512.0,512.0,20.0,1.0,5.0,13.0,8.0,1.5,2.0,30.0,3.5,60.0,1.0,4.0,13.0,10.0,60.0,30.0,0.5,0.0,1.0,5.0
3311,0.0,512.0,512.0,0.011,512.0,512.0,1.0,1.0,5.0,5.0,3.0,0.0,512.0,512.0,0.02,512.0,512.0,20.0,1.0,5.0,13.0,8.0,1.5,2.0,30.0,3.5,60.0,1.0,4.0,13.0,10.0,60.0,30.0,0.5,0.0,1.0,5.0
3315,0.0,512.0,512.0,0.011,512.0,512.0,1.0,1.0,5.0,5.0,3.0,0.0,512.0,512.0,0.02,512.0,512.0,20.0,1.0,5.0,13.0,8.0,1.5,2.0,30.0,3.5,60.0,1.0,4.0,13.0,10.0,60.0,30.0,0.5,0.0,1.0,5.0
3327,0.0,512.0,512.0,0.011,512.0,512.0,1.0,1.0,5.0,5.0,3.0,0.0,512.0,512.0,0.02,512.0,512.0,20.0,1.0,5.0,13.0,8.0,1.5,2.0,30.0,3.5,60.0,1.0,4.0,13.0,10.0,60.0,30.0,0.5,0.0,1.0,5.0
3335,0.0,512.0,512.0,0.011,512.0,512.0,1.0,1.0,5.0,5.0,3.0,0.0,512.0,512.0,0.02,512.0,512.0,20.0,1.0,5.0,13.0,8.0,1.5,2.0,30.0,3.5,60.0,1.0,4.0,13.0,10.0,60.0,30.0,0.5,0.0,1.0,5.0
3343,0.0,512.0,512.0,0.011,512.0,512.0,1.0,1.0,5.0,5.0,3.0,0.0,512.0,512.0,0.02,512.0,512.0,20.0,1.0,5.0,13.0,8.0,1.5,2.0,30.0,3.5,60.0,1.0,4.0,13.0,10.0,60.0,30.0,0.5,0.0,1.0,5.0
3366,0.0,512.0,512.0,0.011,512.0,512.0,1.0,1.0,5.0,5.0,3.0,0.0,512.0,512.0,0.02,512.0,512.0,20.0,1.0,5.0,13.0,8.0,1.5,2.0,30.0,3.5,60.0,1.0,4.0,13.0,10.0,60.0,30.0,0.5,0.0,1.0,5.0
3376,0.0,512.0,512.0,0.011,512.0,512.0,1.0,1.0,5.0,5.0,3.0,0.0,512.0,512.0,0.02,512.0,512.0,20.0,1.0,5.0,13.0,8.0,1.5,2.0,30.0,3.5,60.0,1.0,4.0,13.0,10.0,60.0,30.0,0.5,0.0,1.0,5.0
3384,0.0,512.0,512.0,0.011,512.0,512.0,1.0,1.0,5.0,5.0,3.0,0.0,512.0,512.0,0.02,512.0,512.0,20.0,1.0,5.0,13.0,8.0,1.5,2.0,30.0,3.5,60.0,1.0,4.0,13.0,10.0,60.0,30.0,0.5,0.0,1.0,5.0
3392,0.0,512.0,512.0,0.011,512.0,512.0,1.0,1.0,5.0,5.0,3.0,0.0,512.0,512.0,0.02,512.0,512.0,20.0,1.0,5.0,13.0,8.0,1.5,2.0,30.0,3.5,60.0,1.0,4.0,13.0,10.0,60.0,30.0,0.5,0.0,1.0,5.0
3409,0.0,512.0,512.0,0.011,512.0,512.0,1.0,1.0,5.0,5.0,3.0,0.0,512.0,512.0,0.02,512.0,512.0,20.0,1.0,5.0,13.0,8.0,1.5,2.0,30.0,3.5,60.0,1.0,4.0,13.0,10.0,60.0,30.0,0.5,0.0,1.0,5.0
3441,0.0,512.0,512.0,0.011,512.0,512.0,1.0,1.0,5.0,5.0,3.0,0.0,512.0,512.0,0.02,512.0,512.0,20.0,1.0,5.0,13.0,8.0,1.5,2.0,30.0,3.5,60.0,1.0,4.0,13.0,10.0,60.0,30.0,0.5,0.0,1.0,5.0
3471,0.0,512.0,512.0,0.011,512.0,512.0,1.0,1.0,5.0,5.0,3.0,0.0,512.0,512.0,0.02,512.0,512.0,20.0,1.0,5.0,13.0,8.0,1.5,2.0,30.0,3.5,60.0,1.0,4.0,13.0,10.0,60.0,30.0,0.5,0.0,1.0,5.0
3513,0.0,512.0,512.0,0.011,512.0,512.0,1.0,1.0,5.0,5.0,3.0,0.0,512.0,512.0,0.02,512.0,512.0,20.0,1.0,5.0,13.0,8.0,1.5,2.0,30.0,3.5,60.0,1.0,4.0,13.0,10.0,60.0,30.0,0.5,0.0,1.0,5.0
3565,0.0,512.0,512.0,0.011,512.0,512.0,1.0,1.0,5.0,5.0,3.0,0.0,512.0,512.0,0.02,512.0,512.0,20.0,1.0,5.0,13.0,8.0,1.5,2.0,30.0,3.5,60.0,1.0,4.0,13.0,10.0,60.0,30.0,0.5,0.0,1.0,5.0
3627,0.0,512.0,512.0,0.011,512.0,512.0,1.0,1.0,5.0,5.0,3.0,0.0,512.0,512.0,0.02,512.0,512.0,20.0,1.0,5.0,13.0,8.0,1.5,2.0,30.0,3.5,60.0,1.0,4.0,13.0,10.0,60.0,30.0,0.5,0.0,1.0,5.0
3699,0.0,512.0,512.0,0.011,512.0,512.0,1.0,1.0,5.0,5.0,3.0,0.0,512.0,512.0,0.02,512.0,512.0,20.0,1.0,5.0,13.0,8.0,1.5,2.0,30.0,3.5,60.0,1.0,4.0,13.0,10.0,60.0,30.0,0.5,0.0,1.0,5.0
3764,0.0,512.0,512.0,0.011,512.0,512.0,1.0,1.0,5.0,5.0,3.0,0.0,512.0,512.0,0.02,512.0,512.0,20.0,1.0,5.0,13.0,8.0,1.5,2.0,30.0,3.5,60.0,1.0,4.0,13.0,10.0,60.0,30.0,0.5,0.0,1.0,5.0
3817,0.0,512.0,512.0,0.011,512.0,512.0,1.0,1.0,5.0,5.0,3.0,0.0,512.0,512.0,0.02,512.0,512.0,20.0,1.0,5.0,13.0,8.0,1.5,2.0,30.0,3.5,60.0,1.0,4.0,13.0,10.0,60.0,30.0,0.5,0.0,1.0,5.0
3828,0.0,512.0,512.0,0.011,512.0,512.0,1.0,1.0,5.0,5.0,3.0,0.0,512.0,512.0,0.02,512.0,512.0,20.0,1.0,5.0,13.0,8.0,1.5,2.0,30.0,3.5,60.0,1.0,4.0,13.0,10.0,60.0,30.0,0.5,0.0,1.0,5.0
3836,0.0,512.0,512.0,0.011,512.0,512.0,1.0,1.0,5.0,5.0,3.0,0.0,512.0,512.0,0.02,512.0,512.0,20.0,1.0,5.0,13.0,8.0,1.5,2.0,30.0,3.5,60.0,1.0,4.0,13.0,10.0,60.0,30.0,0.5,0.0,1.0,5.0
3856,0.0,512.0,512.0,0.011,512.0,512.0,1.0,1.0,5.0,5.0,3.0,0.0,512.0,512.0,0.02,512.0,512.0,20.0,1.0,5.0,13.0,8.0,1.5,2.0,30.0,3.5,60.0,1.0,4.0,13.0,10.0,60.0,30.0,0.5,0.0,1.0,5.0
3868,0.0,512.0,512.0,0.011,512.0,512.0,1.0,1.0,5.0,5.0,3.0,0.0,512.0,512.0,0.02,512.0,512.0,20.0,1.0,5.0,13.0,8.0,1.5,2.0,30.0,3.5,60.0,1.0,4.0,13.0,10.0,60.0,30.0,0.5,0.0,1.0,5.0
3898,0.0,512.0,512.0,0.011,512.0,512.0,1.0,1.0,5.0,5.0,3.0,0.0,512.0,512.0,0.02,512.0,512.0,20.0,1.0,5.0,13.0,8.0,1.5,2.0,30.0,3.5,60.0,1.0,4.0,13.0,10.0,60.0,30.0,0.5,0.0,1.0,5.0
3959,0.0,512.0,512.0,0.011,512.0,512.0,1.0,1.0,5.0,5.0,3.0,0.0,512.0,512.0,0.02,512.0,512.0,20.0,1.0,5.0,13.0,8.0,1.5,2.0,30.0,3.5,60.0,1.0,4.0,13.0,10.0,60.0,30.0,0.5,0.0,1.0,5.0
3977,0.0,512.0,512.0,0.011,512.0,512.0,1.0,1.0,5.0,5.0,3.0,0.0,512.0,512.0,0.02,512.0,512.0,20.0,1.0,5.0,13.0,8.0,1.5,2.0,30.0,3.5,60.0,1.0,4.0,13.0,10.0,60.0,30.0,0.5,0.0,1.0,5.0
4082,0.0,512.0,512.0,0.011,512.0,512.0,1.0,1.0,5.0,5.0,3.0,0.0,512.0,512.0,0.02,512.0,512.0,20.0,1.0,5.0,13.0,8.0,1.5,2.0,30.0,3.5,60.0,1.0,4.0,13.0,10.0,60.0,30.0,0.5,0.0,1.0,5.0
4189,0.0,512.0,512.0,0.011,512.0,512.0,1.0,1.0,5.0,5.0,3.0,0.0,512.0,512.0,0.02,512.0,512.0,20.0,1.0,5.0,13.0,8.0,1.5,2.0,30.0,3.5,60.0,1.0,4.0,13.0,10.0,60.0,30.0,0.5,0.0,1.0,5.0
4236,0.0,512.0,512.0,0.011,512.0,512.0,1.0,1.0,5.0,5.0,3.0,0.0,512.0,512.0,0.02,512.0,512.0,20.0,1.0,5.0,13.0,8.0,1.5,2.0,30.0,3.5,60.0,1.0,4.0,13.0,10.0,60.0,30.0,0.5,0.0,1.0,5.0
4279,0.0,512.0,512.0,0.011,512.0,512.0,1.0,1.0,5.0,5.0,3.0,0.0,512.0,512.0,0.02,512.0,512.0,20.0,1.0,5.0,13.0,8.0,1.5,2.0,30.0,3.5,60.0,1.0,4.0,13.0,10.0,60.0,30.0,0.5,0.0,1.0,5.0
4301,0.0,512.0,512.0,0.011,512.0,512.0,1.0,1.0,5.0,5.0,3.0,0.0,512.0,512.0,0.02,512.0,512.0,20.0,1.0,5.0,13.0,8.0,1.5,2.0,30.0,3.5,60.0,1.0,4.0,13.0,10.0,60.0,30.0,0.5,0.0,1.0,5.0
4321,0.0,512.0,512.0,0.011,512.0,512.0,1.0,1.0,5.0,5.0,3.0,0.0,512.0,512.0,0.02,512.0,512.0,20.0,1.0,5.0,13.0,8.0,1.5,2.0,30.0,3.5,60.0,1.0,4.0,13.0,10.0,60.0,30.0,0.5,0.0,1.0,5.0
4339,0.0,512.0,512.0,0.011,512.0,512.0,1.0,1.0,5.0,5.0,3.0,0.0,512.0,512.0,0.02,512.0,512.0,20.0,1.0,5.0,13.0,8.0,1.5,2.0,30.0,3.5,60.0,1.0,4.0,13.0,10.0,60.0,30.0,0.5,0.0,1.0,5.0
4351,0.0,512.0,512.0,0.011,512.0,512.0,1.0,1.0,5.0,5.0,3.0,0.0,512.0,512.0,0.02,512.0,512.0,20.0,1.0,5.0,13.0,8.0,1.5,2.0,30.0,3.5,60.0,1.0,4.0,13.0,10.0,60.0,30.0,0.5,0.0,1.0,5.0
4361,0.0,512.0,512.0,0.011,512.0,512.0,1.0,1.0,5.0,5.0,3.0,0.0,512.0,512.0,0.02,512.0,512.0,20.0,1.0,5.0,13.0,8.0,1.5,2.0,30.0,3.5,60.0,1.0,4.0,13.0,10.0,60.0,30.0,0.5,0.0,1.0,5.0
4371,0.0,512.0,512.0,0.011,512.0,512.0,1.0,1.0,5.0,5.0,3.0,0.0,512.0,512.0,0.02,512.0,512.0,20.0,1.0,5.0,13.0,8.0,1.5,2.0,30.0,3.5,60.0,1.0,4.0,13.0,10.0,60.0,30.0,0.5,0.0,1.0,5.0
4381,0.0,512.0,512.0,0.011,512.0,512.0,1.0,1.0,5.0,5.0,3.0,0.0,512.0,512.0,0.02,512.0,512.0,20.0,1.0,5.0,13.0,8.0,1.5,2.0,30.0,3.5,60.0,1.0,4.0,13.0,10.0,60.0,30.0,0.5,0.0,1.0,5.0
4392,0.0,512.0,512.0,0.011,512.0,512.0,1.0,1.0,5.0,5.0,3.0,0.0,512.0,512.0,0.02,512.0,512.0,20.0,1.0,5.0,13.0,8.0,1.5,2.0,30.0,3.5,60.0,1.0,4.0,13.0,10.0,60.0,30.0,0.5,0.0,1.0,5.0
4402,0.0,512.0,512.0,0.011,512.0,512.0,1.0,1.0,5.0,5.0,3.0,0.0,512.0,512.0,0.02,512.0,512.0,20.0,1.0,5.0,13.0,8.0,1.5,2.0,30.0,3.5,60.0,1.0,4.0,13.0,10.0,60.0,30.0,0.5,0.0,1.0,5.0
4434,0.0,512.0,512.0,0.011,512.0,512.0,1.0,1.0,5.0,5.0,3.0,0.0,512.0,512.0,0.02,512.0,512.0,20.0,1.0,5.0,13.0,8.0,1.5,2.0,30.0,3.5,60.0,1.0,4.0,13.0,10.0,60.0,30.0,0.5,0.0,1.0,5.0
4488,0.0,512.0,512.0,0.011,512.0,512.0,1.0,1.0,5.0,5.0,3.0,0.0,512.0,512.0,0.02,512.0,512.0,20.0,1.0,5.0,13.0,8.0,1.5,2.0,30.0,3.5,60.0,1.0,4.0,13.0,10.0,60.0,30.0,0.5,0.0,1.0,5.0
4507,0.0,512.0,512.0,0.011,512.0,512.0,1.0,1.0,5.0,5.0,3.0,0.0,512.0,512.0,0.02,512.0,512.0,20.0,1.0,5.0,13.0,8.0,1.5,2.0,30.0,3.5,60.0,1.0,4.0,13.0,10.0,60.0,30.0,0.5,0.0,1.0,5.0
4535,0.0,512.0,512.0,0.011,512.0,512.0,1.0,1.0,5.0,5.0,3.0,0.0,512.0,512.0,0.02,512.0,512.0,20.0,1.0,5.0,13.0,8.0,1.5,2.0,30.0,3.5,60.0,1.0,4.0,13.0,10.0,60.0,30.0,0.5,0.0,1.0,5.0
4548,0.0,512.0,512.0,0.011,512.0,512.0,1.0,1.0,5.0,5.0,3.0,0.0,512.0,512.0,0.02,512.0,512.0,20.0,1.0,5.0,13.0,8.0,1.5,2.0,30.0,3.5,60.0,1.0,4.0,13.0,10.0,60.0,30.0,0.5,0.0,1.0,5.0
4564,0.0,512.0,512.0,0.011,512.0,512.0,1.0,1.0,5.0,5.0,3.0,0.0,512.0,512.0,0.02,512.0,512.0,20.0,1.0,5.0,13.0,8.0,1.5,2.0,30.0,3.5,60.0,1.0,4.0,13.0,10.0,60.0,30.0,0.5,0.0,1.0,5.0
4594,0.0,512.0,512.0,0.011,512.0,512.0,1.0,1.0,5.0,5.0,3.0,0.0,512.0,512.0,0.02,512.0,512.0,20.0,1.0,5.0,13.0,8.0,1.5,2.0,30.0,3.5,60.0,1.0,4.0,13.0,10.0,60.0,30.0,0.5,0.0,1.0,5.0
4610,0.0,512.0,512.0,0.011,512.0,512.0,1.0,1.0,5.0,5.0,3.0,0.0,512.0,512.0,0.02,512.0,512.0,20.0,1.0,5.0,13.0,8.0,1.5,2.0,30.0,3.5,60.0,1.0,4.0,13.0,10.0,60.0,30.0,0.5,0.0,1.0,5.0
4621,0.0,512.0,512.0,0.011,512.0,512.0,1.0,1.0,5.0,5.0,3.0,0.0,512.0,512.0,0.02,512.0,512.0,20.0,1.0,5.0,13.0,8.0,1.5,2.0,30.0,3.5,60.0,1.0,4.0,13.0,10.0,60.0,30.0,0.5,0.0,1.0,5.0
4640,0.0,512.0,512.0,0.011,512.0,512.0,1.0,1.0,5.0,5.0,3.0,0.0,512.0,512.0,0.02,512.0,512.0,20.0,1.0,5.0,13.0,8.0,1.5,2.0,30.0,3.5,60.0,1.0,4.0,13.0,10.0,60.0,30.0,0.5,0.0,1.0,5.0
4668,0.0,512.0,512.0,0.011,512.0,512.0,1.0,1.0,5.0,5.0,3.0,0.0,512.0,512.0,0.02,512.0,512.0,20.0,1.0,5.0,13.0,8.0,1.5,2.0,30.0,3.5,60.0,1.0,4.0,13.0,10.0,60.0,30.0,0.5,0.0,1.0,5.0
4696,0.0,512.0,512.0,0.011,512.0,512.0,1.0,1.0,5.0,5.0,3.0,0.0,512.0,512.0,0.02,512.0,512.0,20.0,1.0,5.0,13.0,8.0,1.5,2.0,30.0,3.5,60.0,1.0,4.0,13.0,10.0,60.0,30.0,0.5,0.0,1.0,5.0
4723,0.0,512.0,512.0,0.011,512.0,512.0,1.0,1.0,5.0,5.0,3.0,0.0,512.0,512.0,0.02,512.0,512.0,20.0,1.0,5.0,13.0,8.0,1.5,2.0,30.0,3.5,60.0,1.0,4.0,13.0,10.0,60.0,30.0,0.5,0.0,1.0,5.0
4750,0.0,512.0,512.0,0.011,512.0,512.0,1.0,1.0,5.0,5.0,3.0,0.0,512.0,512.0,0.02,512.0,512.0,20.0,1.0,5.0,13.0,8.0,1.5,2.0,30.0,3.5,60.0,1.0,4.0,13.0,10.0,60.0,30.0,0.5,0.0,1.0,5.0
4783,0.0,512.0,512.0,0.011,512.0,512.0,1.0,1.0,5.0,5.0,3.0,0.0,512.0,512.0,0.02,512.0,512.0,20.0,1.0,5.0,13.0,8.0,1.5,2.0,30.0,3.5,60.0,1.0,4.0,13.0,10.0,60.0,30.0,0.5,0.0,1.0,5.0
4842,0.0,512.0,512.0,0.011,512.0,512.0,1.0,1.0,5.0,5.0,3.0,0.0,512.0,512.0,0.02,512.0,512.0,20.0,1.0,5.0,13.0,8.0,1.5,2.0,30.0,3.5,60.0,1.0,4.0,13.0,10.0,60.0,30.0,0.5,0.0,1.0,5.0
4866,0.0,512.0,512.0,0.011,512.0,512.0,1.0,1.0,5.0,5.0,3.0,0.0,512.0,512.0,0.02,512.0,512.0,20.0,1.0,5.0,13.0,8.0,1.5,2.0,30.0,3.5,60.0,1.0,4.0,13.0,10.0,60.0,30.0,0.5,0.0,1.0,5.0
4892,0.0,512.0,512.0,0.011,512.0,512.0,1.0,1.0,5.0,5.0,3.0,0.0,512.0,512.0,0.02,512.0,512.0,20.0,1.0,5.0,13.0,8.0,1.5,2.0,30.0,3.5,60.0,1.0,4.0,13.0,10.0,60.0,30.0,0.5,0.0,1.0,5.0
4906,0.0,512.0,512.0,0.011,512.0,512.0,1.0,1.0,5.0,5.0,3.0,0.0,512.0,512.0,0.02,512.0,512.0,20.0,1.0,5.0,13.0,8.0,1.5,2.0,30.0,3.5,60.0,1.0,4.0,13.0,10.0,60.0,30.0,0.5,0.0,1.0,5.0
4925,0.0,512.0,512.0,0.011,512.0,512.0,1.0,1.0,5.0,5.0,3.0,0.0,512.0,512.0,0.02,512.0,512.0,20.0,1.0,5.0,13.0,8.0,1.5,2.0,30.0,3.5,60.0,1.0,4.0,13.0,10.0,60.0,30.0,0.5,0.0,1.0,5.0
4939,0.0,512.0,512.0,0.011,512.0,512.0,1.0,1.0,5.0,5.0,3.0,0.0,512.0,512.0,0.02,512.0,512.0,20.0,1.0,5.0,13.0,8.0,1.5,2.0,30.0,3.5,60.0,1.0,4.0,13.0,10.0,60.0,30.0,0.5,0.0,1.0,5.0
4957,0.0,512.0,512.0,0.011,512.0,512.0,1.0,1.0,5.0,5.0,3.0,0.0,512.0,512.0,0.02,512.0,512.0,20.0,1.0,5.0,13.0,8.0,1.5,2.0,30.0,3.5,60.0,1.0,4.0,13.0,10.0,60.0,30.0,0.5,0.0,1.0,5.0
4975,0.0,512.0,512.0,0.011,512.0,512.0,1.0,1.0,5.0,5.0,3.0,0.0,512.0,512.0,0.02,512.0,512.0,20.0,1.0,5.0,13.0,8.0,1.5,2.0,30.0,3.5,60.0,1.0,4.0,13.0,10.0,60.0,30.0,0.5,0.0,1.0,5.0
4989,0.0,512.0,512.0,0.011,512.0,512.0,1.0,1.0,5.0,5.0,3.0,0.0,512.0,512.0,0.02,512.0,512.0,20.0,1.0,5.0,13.0,8.0,1.5,2.0,30.0,3.5,60.0,1.0,4.0,13.0,10.0,60.0,30.0,0.5,0.0,1.0,5.0
5080,0.0,512.0,512.0,0.011,512.0,512.0,1.0,1.0,5.0,5.0,3.0,0.0,512.0,512.0,0.02,512.0,512.0,20.0,1.0,5.0,13.0,8.0,1.5,2.0,30.0,3.5,60.0,1.0,4.0,13.0,10.0,60.0,30.0,0.5,0.0,1.0,5.0
5094,0.0,512.0,512.0,0.011,512.0,512.0,1.0,1.0,5.0,5.0,3.0,0.0,512.0,512.0,0.02,512.0,512.0,20.0,1.0,5.0,13.0,8.0,1.5,2.0,30.0,3.5,60.0,1.0,4.0,13.0,10.0,60.0,30.0,0.5,0.0,1.0,5.0
5119,0.0,512.0,512.0,0.011,512.0,512.0,1.0,1.0,5.0,5.0,3.0,0.0,512.0,512.0,0.02,512.0,512.0,20.0,1.0,5.0,13.0,8.0,1.5,2.0,30.0,3.5,60.0,1.0,4.0,13.0,10.0,60.0,30.0,0.5,0.0,1.0,5.0
5137,0.0,512.0,512.0,0.011,512.0,512.0,1.0,1.0,5.0,5.0,3.0,0.0,512.0,512.0,0.02,512.0,512.0,20.0,1.0,5.0,13.0,8.0,1.5,2.0,30.0,3.5,60.0,1.0,4.0,13.0,10.0,60.0,30.0,0.5,0.0,1.0,5.0
5147,0.0,512.0,512.0,0.011,512.0,512.0,1.0,1.0,5.0,5.0,3.0,0.0,512.0,512.0,0.02,512.0,512.0,20.0,1.0,5.0,13.0,8.0,1.5,2.0,30.0,3.5,60.0,1.0,4.0,13.0,10.0,60.0,30.0,0.5,0.0,1.0,5.0
5157,0.0,512.0,512.0,0.011,512.0,512.0,1.0,1.0,5.0,5.0,3.0,0.0,512.0,512.0,0.02,512.0,512.0,20.0,1.0,5.0,13.0,8.0,1.5,2.0,30.0,3.5,60.0,1.0,4.0,13.0,10.0,60.0,30.0,0.5,0.0,1.0,5.0
5174,0.0,512.0,512.0,0.011,512.0,512.0,1.0,1.0,5.0,5.0,3.0,0.0,512.0,512.0,0.02,512.0,512.0,20.0,1.0,5.0,13.0,8.0,1.5,2.0,30.0,3.5,60.0,1.0,4.0,13.0,10.0,60.0,30.0,0.5,0.0,1.0,5.0
5212,0.0,512.0,512.0,0.011,512.0,512.0,1.0,1.0,5.0,5.0,3.0,0.0,512.0,512.0,0.02,512.0,512.0,20.0,1.0,5.0,13.0,8.0,1.5,2.0,30.0,3.5,60.0,1.0,4.0,13.0,10.0,60.0,30.0,0.5,0.0,1.0,5.0
5255,0.0,512.0,512.0,0.011,512.0,512.0,1.0,1.0,5.0,5.0,3.0,0.0,512.0,512.0,0.02,512.0,512.0,20.0,1.0,5.0,13.0,8.0,1.5,2.0,30.0,3.5,60.0,1.0,4.0,13.0,10.0,60.0,30.0,0.5,0.0,1.0,5.0
5265,0.0,512.0,512.0,0.011,512.0,512.0,1.0,1.0,5.0,5.0,3.0,0.0,512.0,512.0,0.02,512.0,512.0,20.0,1.0,5.0,13.0,8.0,1.5,2.0,30.0,3.5,60.0,1.0,4.0,13.0,10.0,60.0,30.0,0.5,0.0,1.0,5.0
5283,0.0,512.0,512.0,0.011,512.0,512.0,1.0,1.0,5.0,5.0,3.0,0.0,512.0,512.0,0.02,512.0,512.0,20.0,1.0,5.0,13.0,8.0,1.5,2.0,30.0,3.5,60.0,1.0,4.0,13.0,10.0,60.0,30.0,0.5,0.0,1.0,5.0
5309,0.0,512.0,512.0,0.011,512.0,512.0,1.0,1.0,5.0,5.0,3.0,0.0,512.0,512.0,0.02,512.0,512.0,20.0,1.0,5.0,13.0,8.0,1.5,2.0,30.0,3.5,60.0,1.0,4.0,13.0,10.0,60.0,30.0,0.5,0.0,1.0,5.0
5322,0.0,512.0,512.0,0.011,512.0,512.0,1.0,1.0,5.0,5.0,3.0,0.0,512.0,512.0,0.02,512.0,512.0,20.0,1.0,5.0,13.0,8.0,1.5,2.0,30.0,3.5,60.0,1.0,4.0,13.0,10.0,60.0,30.0,0.5,0.0,1.0,5.0
5332,0.0,512.0,512.0,0.011,512.0,512.0,1.0,1.0,5.0,5.0,3.0,0.0,512.0,512.0,0.02,512.0,512.0,20.0,1.0,5.0,13.0,8.0,1.5,2.0,30.0,3.5,60.0,1.0,4.0,13.0,10.0,60.0,30.0,0.5,0.0,1.0,5.0
5371,0.0,512.0,512.0,0.011,512.0,512.0,1.0,1.0,5.0,5.0,3.0,0.0,512.0,512.0,0.02,512.0,512.0,20.0,1.0,5.0,13.0,8.0,1.5,2.0,30.0,3.5,60.0,1.0,4.0,13.0,10.0,60.0,30.0,0.5,0.0,1.0,5.0
5420,0.0,512.0,512.0,0.011,512.0,512.0,1.0,1.0,5.0,5.0,3.0,0.0,512.0,512.0,0.02,512.0,512.0,20.0,1.0,5.0,13.0,8.0,1.5,2.0,30.0,3.5,60.0,1.0,4.0,13.0,10.0,60.0,30.0,0.5,0.0,1.0,5.0
5464,0.0,512.0,512.0,0.011,512.0,512.0,1.0,1.0,5.0,5.0,3.0,0.0,512.0,512.0,0.02,512.0,512.0,20.0,1.0,5.0,13.0,8.0,1.5,2.0,30.0,3.5,60.0,1.0,4.0,13.0,10.0,60.0,30.0,0.5,0.0,1.0,5.0
5484,0.0,512.0,512.0,0.011,512.0,512.0,1.0,1.0,5.0,5.0,3.0,0.0,512.0,512.0,0.02,512.0,512.0,20.0,1.0,5.0,13.0,8.0,1.5,2.0,30.0,3.5,60.0,1.0,4.0,13.0,10.0,60.0,30.0,0.5,0.0,1.0,5.0
5505,0.0,512.0,512.0,0.011,512.0,512.0,1.0,1.0,5.0,5.0,3.0,0.0,512.0,512.0,0.02,512.0,512.0,20.0,1.0,5.0,13.0,8.0,1.5,2.0,30.0,3.5,60.0,1.0,4.0,13.0,10.0,60.0,30.0,0.5,0.0,1.0,5.0
5510,0.0,512.0,512.0,0.011,512.0,512.0,1.0,1.0,5.0,5.0,3.0,0.0,512.0,512.0,0.02,512.0,512.0,20.0,1.0,5.0,13.0,8.0,1.5,2.0,30.0,3.5,60.0,1.0,4.0,13.0,10.0,60.0,30.0,0.5,0.0,1.0,5.0
5559,0.0,512.0,512.0,0.011,512.0,512.0,1.0,1.0,5.0,5.0,3.0,0.0,512.0,512.0,0.02,512.0,512.0,20.0,1.0,5.0,13.0,8.0,1.5,2.0,30.0,3.5,60.0,1.0,4.0,13.0,10.0,60.0,30.0,0.5,0.0,1.0,5.0
5582,0.0,512.0,512.0,0.011,512.0,512.0,1.0,1.0,5.0,5.0,3.0,0.0,512.0,512.0,0.02,512.0,512.0,20.0,1.0,5.0,13.0,8.0,1.5,2.0,30.0,3.5,60.0,1.0,4.0,13.0,10.0,60.0,30.0,0.5,0.0,1.0,5.0
5606,0.0,512.0,512.0,0.011,512.0,512.0,1.0,1.0,5.0,5.0,3.0,0.0,512.0,512.0,0.02,512.0,512.0,20.0,1.0,5.0,13.0,8.0,1.5,2.0,30.0,3.5,60.0,1.0,4.0,13.0,10.0,60.0,30.0,0.5,0.0,1.0,5.0
5611,0.0,512.0,512.0,0.011,512.0,512.0,1.0,1.0,5.0,5.0,3.0,0.0,512.0,512.0,0.02,512.0,512.0,20.0,1.0,5.0,13.0,8.0,1.5,2.0,30.0,3.5,60.0,1.0,4.0,13.0,10.0,60.0,30.0,0.5,0.0,1.0,5.0
5614,0.0,512.0,512.0,0.011,512.0,512.0,1.0,1.0,5.0,5.0,3.0,0.0,512.0,512.0,0.02,512.0,512.0,20.0,1.0,5.0,13.0,8.0,1.5,2.0,30.0,3.5,60.0,1.0,4.0,13.0,10.0,60.0,30.0,0.5,0.0,1.0,5.0
5657,0.0,512.0,512.0,0.011,512.0,512.0,1.0,1.0,5.0,5.0,3.0,0.0,512.0,512.0,0.02,512.0,512.0,20.0,1.0,5.0,13.0,8.0,1.5,2.0,30.0,3.5,60.0,1.0,4.0,13.0,10.0,60.0,30.0,0.5,0.0,1.0,5.0
5661,0.0,512.0,512.0,0.011,512.0,512.0,1.0,1.0,5.0,5.0,3.0,0.0,512.0,512.0,0.02,512.0,512.0,20.0,1.0,5.0,13.0,8.0,1.5,2.0,30.0,3.5,60.0,1.0,4.0,13.0,10.0,60.0,30.0,0.5,0.0,1.0,5.0
5662,0.0,512.0,512.0,0.011,512.0,512.0,1.0,1.0,5.0,5.0,3.0,0.0,512.0,512.0,0.02,512.0,512.0,20.0,1.0,5.0,13.0,8.0,1.5,2.0,30.0,3.5,60.0,1.0,4.0,13.0,10.0,60.0,30.0,0.5,0.0,1.0,5.0
5698,0.0,512.0,512.0,0.011,512.0,512.0,1.0,1.0,5.0,5.0,3.0,0.0,512.0,512.0,0.02,512.0,512.0,20.0,1.0,5.0,13.0,8.0,1.5,2.0,30.0,3.5,60.0,1.0,4.0,13.0,10.0,60.0,30.0,0.5,0.0,1.0,5.0
5736,0.0,512.0,512.0,0.011,512.0,512.0,1.0,1.0,5.0,5.0,3.0,0.0,512.0,512.0,0.02,512.0,512.0,20.0,1.0,5.0,13.0,8.0,1.5,2.0,30.0,3.5,60.0,1.0,4.0,13.0,10.0,60.0,30.0,0.5,0.0,1.0,5.0
5758,0.0,512.0,512.0,0.011,512.0,512.0,1.0,1.0,5.0,5.0,3.0,0.0,512.0,512.0,0.02,512.0,512.0,20.0,1.0,5.0,13.0,8.0,1.5,2.0,30.0,3.5,60.0,1.0,4.0,13.0,10.0,60.0,30.0,0.5,0.0,1.0,5.0
5768,0.0,512.0,512.0,0.011,512.0,512.0,1.0,1.0,5.0,5.0,3.0,0.0,512.0,512.0,0.02,512.0,512.0,20.0,1.0,5.0,13.0,8.0,1.5,2.0,30.0,3.5,60.0,1.0,4.0,13.0,10.0,60.0,30.0,0.5,0.0,1.0,5.0
5773,0.0,512.0,512.0,0.011,512.0,512.0,1.0,1.0,5.0,5.0,3.0,0.0,512.0,512.0,0.02,512.0,512.0,20.0,1.0,5.0,13.0,8.0,1.5,2.0,30.0,3.5,60.0,1.0,4.0,13.0,10.0,60.0,30.0,0.5,0.0,1.0,5.0
5784,0.0,512.0,512.0,0.011,512.0,512.0,1.0,1.0,5.0,5.0,3.0,0.0,512.0,512.0,0.02,512.0,512.0,20.0,1.0,5.0,13.0,8.0,1.5,2.0,30.0,3.5,60.0,1.0,4.0,13.0,10.0,60.0,30.0,0.5,0.0,1.0,5.0
5789,0.0,512.0,512.0,0.011,512.0,512.0,1.0,1.0,5.0,5.0,3.0,0.0,512.0,512.0,0.02,512.0,512.0,20.0,1.0,5.0,13.0,8.0,1.5,2.0,30.0,3.5,60.0,1.0,4.0,13.0,10.0,60.0,30.0,0.5,0.0,1.0,5.0
5803,0.0,512.0,512.0,0.011,512.0,512.0,1.0,1.0,5.0,5.0,3.0,0.0,512.0,512.0,0.02,512.0,512.0,20.0,1.0,5.0,13.0,8.0,1.5,2.0,30.0,3.5,60.0,1.0,4.0,13.0,10.0,60.0,30.0,0.5,0.0,1.0,5.0
5813,0.0,512.0,512.0,0.011,512.0,512.0,1.0,1.0,5.0,5.0,3.0,0.0,512.0,512.0,0.02,512.0,512.0,20.0,1.0,5.0,13.0,8.0,1.5,2.0,30.0,3.5,60.0,1.0,4.0,13.0,10.0,60.0,30.0,0.5,0.0,1.0,5.0
5823,0.0,512.0,512.0,0.011,512.0,512.0,1.0,1.0,5.0,5.0,3.0,0.0,512.0,512.0,0.02,512.0,512.0,20.0,1.0,5.0,13.0,8.0,1.5,2.0,30.0,3.5,60.0,1.0,4.0,13.0,10.0,60.0,30.0,0.5,0.0,1.0,5.0
5839,0.0,512.0,512.0,0.011,512.0,512.0,1.0,1.0,5.0,5.0,3.0,0.0,512.0,512.0,0.02,512.0,512.0,20.0,1.0,5.0,13.0,8.0,1.5,2.0,30.0,3.5,60.0,1.0,4.0,13.0,10.0,60.0,30.0,0.5,0.0,1.0,5.0
5849,0.0,512.0,512.0,0.011,512.0,512.0,1.0,1.0,5.0,5.0,3.0,0.0,512.0,512.0,0.02,512.0,512.0,20.0,1.0,5.0,13.0,8.0,1.5,2.0,30.0,3.5,60.0,1.0,4.0,13.0,10.0,60.0,30.0,0.5,0.0,1.0,5.0
5859,0.0,512.0,512.0,0.011,512.0,512.0,1.0,1.0,5.0,5.0,3.0,0.0,512.0,512.0,0.02,512.0,512.0,20.0,1.0,5.0,13.0,8.0,1.5,2.0,30.0,3.5,60.0,1.0,4.0,13.0,10.0,60.0,30.0,0.5,0.0,1.0,5.0
5898,0.0,512.0,512.0,0.011,512.0,512.0,1.0,1.0,5.0,5.0,3.0,0.0,512.0,512.0,0.02,512.0,512.0,20.0,1.0,5.0,13.0,8.0,1.5,2.0,30.0,3.5,60.0,1.0,4.0,13.0,10.0,60.0,30.0,0.5,0.0,1.0,5.0
5952,0.0,512.0,512.0,0.011,512.0,512.0,1.0,1.0,5.0,5.0,3.0,0.0,512.0,512.0,0.02,512.0,512.0,20.0,1.0,5.0,13.0,8.0,1.5,2.0,30.0,3.5,60.0,1.0,4.0,13.0,10.0,60.0,30.0,0.5,0.0,1.0,5.0
5997,0.0,512.0,512.0,0.011,512.0,512.0,1.0,1.0,5.0,5.0,3.0,0.0,512.0,512.0,0.02,512.0,512.0,20.0,1.0,5.0,13.0,8.0,1.5,2.0,30.0,3.5,60.0,1.0,4.0,13.0,10.0,60.0,30.0,0.5,0.0,1.0,5.0
6076,0.0,512.0,512.0,0.011,512.0,512.0,1.0,1.0,5.0,5.0,3.0,0.0,512.0,512.0,0.02,512.0,512.0,20.0,1.0,5.0,13.0,8.0,1.5,2.0,30.0,3.5,60.0,1.0,4.0,13.0,10.0,60.0,30.0,0.5,0.0,1.0,5.0
6148,0.0,512.0,512.0,0.011,512.0,512.0,1.0,1.0,5.0,5.0,3.0,0.0,512.0,512.0,0.02,512.0,512.0,20.0,1.0,5.0,13.0,8.0,1.5,2.0,30.0,3.5,60.0,1.0,4.0,13.0,10.0,60.0,30.0,0.5,0.0,1.0,5.0
6211,0.0,512.0,512.0,0.011,512.0,512.0,1.0,1.0,5.0,5.0,3.0,0.0,512.0,512.0,0.02,512.0,512.0,20.0,1.0,5.0,13.0,8.0,1.5,2.0,30.0,3.5,60.0,1.0,4.0,13.0,10.0,60.0,30.0,0.5,0.0,1.0,5.0
6242,0.0,512.0,512.0,0.011,512.0,512.0,1.0,1.0,5.0,5.0,3.0,0.0,512.0,512.0,0.02,512.0,512.0,20.0,1.0,5.0,13.0,8.0,1.5,2.0,30.0,3.5,60.0,1.0,4.0,13.0,10.0,60.0,30.0,0.5,0.0,1.0,5.0
6309,0.0,512.0,512.0,0.011,512.0,512.0,1.0,1.0,5.0,5.0,3.0,0.0,512.0,512.0,0.02,512.0,512.0,20.0,1.0,5.0,13.0,8.0,1.5,2.0,30.0,3.5,60.0,1.0,4.0,13.0,10.0,60.0,30.0,0.5,0.0,1.0,5.0
6404,0.0,512.0,512.0,0.011,512.0,512.0,1.0,1.0,5.0,5.0,3.0,0.0,512.0,512.0,0.02,512.0,512.0,20.0,1.0,5.0,13.0,8.0,1.5,2.0,30.0,3.5,60.0,1.0,4.0,13.0,10.0,60.0,30.0,0.5,0.0,1.0,5.0
6492,0.0,512.0,512.0,0.011,512.0,512.0,1.0,1.0,5.0,5.0,3.0,0.0,512.0,512.0,0.02,512.0,512.0,20.0,1.0,5.0,13.0,8.0,1.5,2.0,30.0,3.5,60.0,1.0,4.0,13.0,10.0,60.0,30.0,0.5,0.0,1.0,5.0
6566,0.0,512.0,512.0,0.011,512.0,512.0,1.0,1.0,5.0,5.0,3.0,0.0,512.0,512.0,0.02,512.0,512.0,20.0,1.0,5.0,13.0,8.0,1.5,2.0,30.0,3.5,60.0,1.0,4.0,13.0,10.0,60.0,30.0,0.5,0.0,1.0,5.0
6646,0.0,512.0,512.0,0.011,512.0,512.0,1.0,1.0,5.0,5.0,3.0,0.0,512.0,512.0,0.02,512.0,512.0,20.0,1.0,5.0,13.0,8.0,1.5,2.0,30.0,3.5,60.0,1.0,4.0,13.0,10.0,60.0,30.0,0.5,0.0,1.0,5.0
