,DET1.DIT,DET1.NDIT,DET1.NDITSKIP,DET1.PERIOD,DET1.TDELAY,DET1.WIN.MTCS.LIST,DET1.WIN.MTCW.LIST,DET1.WIN.NCOL,DET1.WIN.NROW,DET2.DIT,DET2.NDIT,DET2.NDITSKIP,DET2.PERIOD,DET2.TDELAY,DET2.WIN.MTCS.LIST,DET2.WIN.MTCW.LIST,DET2.WIN.NCOL,DET2.WIN.NROW,INS.SFL.NAME,INS.SFN.NAME,SEQ.LAMP.COOLDOWN
7,0.1,128.0,1.0,0.2,0.0,1.0,2048.0,1.0,2.0,0.01,0.0,1.0,0.2,0.0,1.0,1024.0,1.0,3.0,1.0,1.5,120.0
8,0.1,0.0,1.0,0.2,0.0,1.0,2048.0,1.0,2.0,0.01,128.0,1.0,0.2,0.0,1.0,1024.0,1.0,3.0,1.0,1.5,120.0
45,0.1,128.0,1.0,0.2,0.0,1.0,2048.0,1.0,2.0,0.01,0.0,1.0,0.2,0.0,1.0,1024.0,1.0,3.0,1.0,1.5,120.0
46,0.1,0.0,1.0,0.2,0.0,1.0,2048.0,1.0,2.0,0.01,128.0,1.0,0.2,0.0,1.0,1024.0,1.0,3.0,1.0,1.5,120.0
58,0.1,128.0,1.0,0.2,0.0,1.0,2048.0,1.0,2.0,0.01,0.0,1.0,0.2,0.0,1.0,1024.0,1.0,3.0,1.0,1.5,120.0
64,0.1,128.0,1.0,0.2,0.0,1.0,2048.0,1.0,2.0,0.01,0.0,1.0,0.2,0.0,1.0,1024.0,1.0,3.0,1.0,1.5,2.0
82,0.1,128.0,1.0,0.2,0.0,1.0,2048.0,1.0,2.0,0.01,0.0,1.0,0.2,0.0,1.0,1024.0,1.0,3.0,1.0,1.5,120.0
83,0.1,0.0,1.0,0.2,0.0,1.0,2048.0,1.0,2.0,0.01,128.0,1.0,0.2,0.0,1.0,1024.0,1.0,3.0,1.0,1.5,120.0
87,0.1,128.0,1.0,0.2,0.0,1.0,2048.0,1.0,2.0,0.01,0.0,1.0,0.2,0.0,1.0,1024.0,1.0,3.0,1.0,1.5,120.0
88,0.1,0.0,1.0,0.2,0.0,1.0,2048.0,1.0,2.0,0.01,128.0,1.0,0.2,0.0,1.0,1024.0,1.0,3.0,1.0,1.5,120.0
108,0.1,128.0,1.0,0.2,0.0,1.0,2048.0,1.0,2.0,0.01,0.0,1.0,0.2,0.0,1.0,1024.0,1.0,3.0,1.0,1.5,120.0
109,0.1,0.0,1.0,0.2,0.0,1.0,2048.0,1.0,2.0,0.01,128.0,1.0,0.2,0.0,1.0,1024.0,1.0,3.0,1.0,1.5,120.0
118,0.1,128.0,1.0,0.2,0.0,1.0,2048.0,1.0,2.0,0.01,0.0,1.0,0.2,0.0,1.0,1024.0,1.0,3.0,1.0,1.5,120.0
119,0.1,0.0,1.0,0.2,0.0,1.0,2048.0,1.0,2.0,0.01,128.0,1.0,0.2,0.0,1.0,1024.0,1.0,3.0,1.0,1.5,120.0
172,0.1,128.0,1.0,0.2,0.0,1.0,2048.0,1.0,2.0,0.01,0.0,1.0,0.2,0.0,1.0,1024.0,1.0,3.0,1.0,1.5,120.0
173,0.1,0.0,1.0,0.2,0.0,1.0,2048.0,1.0,2.0,0.01,128.0,1.0,0.2,0.0,1.0,1024.0,1.0,3.0,1.0,1.5,120.0
198,0.1,128.0,1.0,0.2,0.0,1.0,2048.0,1.0,2.0,0.01,0.0,1.0,0.2,0.0,1.0,1024.0,1.0,3.0,1.0,1.5,120.0
199,0.1,0.0,1.0,0.2,0.0,1.0,2048.0,1.0,2.0,0.01,128.0,1.0,0.2,0.0,1.0,1024.0,1.0,3.0,1.0,1.5,120.0
229,0.1,128.0,1.0,0.2,0.0,1.0,2048.0,1.0,2.0,0.01,0.0,1.0,0.2,0.0,1.0,1024.0,1.0,3.0,1.0,1.5,120.0
230,0.1,0.0,1.0,0.2,0.0,1.0,2048.0,1.0,2.0,0.01,128.0,1.0,0.2,0.0,1.0,1024.0,1.0,3.0,1.0,1.5,120.0
331,0.1,128.0,1.0,0.2,0.0,1.0,2048.0,1.0,2.0,0.01,0.0,1.0,0.2,0.0,1.0,1024.0,1.0,3.0,1.0,1.5,120.0
332,0.1,0.0,1.0,0.2,0.0,1.0,2048.0,1.0,2.0,0.01,128.0,1.0,0.2,0.0,1.0,1024.0,1.0,3.0,1.0,1.5,120.0
389,0.1,128.0,1.0,0.2,0.0,1.0,2048.0,1.0,2.0,0.01,0.0,1.0,0.2,0.0,1.0,1024.0,1.0,3.0,1.0,1.5,120.0
390,0.1,0.0,1.0,0.2,0.0,1.0,2048.0,1.0,2.0,0.01,128.0,1.0,0.2,0.0,1.0,1024.0,1.0,3.0,1.0,1.5,120.0
457,0.1,128.0,1.0,0.2,0.0,1.0,2048.0,1.0,2.0,0.01,0.0,1.0,0.2,0.0,1.0,1024.0,1.0,3.0,1.0,1.5,120.0
458,0.1,0.0,1.0,0.2,0.0,1.0,2048.0,1.0,2.0,0.01,128.0,1.0,0.2,0.0,1.0,1024.0,1.0,3.0,1.0,1.5,120.0
523,0.1,128.0,1.0,0.2,0.0,1.0,2048.0,1.0,2.0,0.01,0.0,1.0,0.2,0.0,1.0,1024.0,1.0,3.0,1.0,1.5,120.0
524,0.1,0.0,1.0,0.2,0.0,1.0,2048.0,1.0,2.0,0.01,128.0,1.0,0.2,0.0,1.0,1024.0,1.0,3.0,1.0,1.5,120.0
607,0.1,128.0,1.0,0.2,0.0,1.0,2048.0,1.0,2.0,0.01,0.0,1.0,0.2,0.0,1.0,1024.0,1.0,3.0,1.0,1.5,120.0
608,0.1,0.0,1.0,0.2,0.0,1.0,2048.0,1.0,2.0,0.01,128.0,1.0,0.2,0.0,1.0,1024.0,1.0,3.0,1.0,1.5,120.0
720,0.1,128.0,1.0,0.2,0.0,1.0,2048.0,1.0,2.0,0.01,0.0,1.0,0.2,0.0,1.0,1024.0,1.0,3.0,1.0,1.5,120.0
721,0.1,0.0,1.0,0.2,0.0,1.0,2048.0,1.0,2.0,0.01,128.0,1.0,0.2,0.0,1.0,1024.0,1.0,3.0,1.0,1.5,120.0
823,0.1,128.0,1.0,0.2,0.0,1.0,2048.0,1.0,2.0,0.01,0.0,1.0,0.2,0.0,1.0,1024.0,1.0,3.0,1.0,1.5,120.0
824,0.1,0.0,1.0,0.2,0.0,1.0,2048.0,1.0,2.0,0.01,128.0,1.0,0.2,0.0,1.0,1024.0,1.0,3.0,1.0,1.5,120.0
898,0.1,128.0,1.0,0.2,0.0,1.0,2048.0,1.0,2.0,0.01,0.0,1.0,0.2,0.0,1.0,1024.0,1.0,3.0,1.0,1.5,120.0
899,0.1,0.0,1.0,0.2,0.0,1.0,2048.0,1.0,2.0,0.01,128.0,1.0,0.2,0.0,1.0,1024.0,1.0,3.0,1.0,1.5,120.0
949,0.1,128.0,1.0,0.2,0.0,1.0,2048.0,1.0,2.0,0.01,0.0,1.0,0.2,0.0,1.0,1024.0,1.0,3.0,1.0,1.5,120.0
950,0.1,0.0,1.0,0.2,0.0,1.0,2048.0,1.0,2.0,0.01,128.0,1.0,0.2,0.0,1.0,1024.0,1.0,3.0,1.0,1.5,120.0
1005,0.1,128.0,1.0,0.2,0.0,1.0,2048.0,1.0,2.0,0.01,0.0,1.0,0.2,0.0,1.0,1024.0,1.0,3.0,1.0,1.5,120.0
1006,0.1,0.0,1.0,0.2,0.0,1.0,2048.0,1.0,2.0,0.01,128.0,1.0,0.2,0.0,1.0,1024.0,1.0,3.0,1.0,1.5,120.0
1036,0.1,128.0,1.0,0.2,0.0,1.0,2048.0,1.0,2.0,0.01,0.0,1.0,0.2,0.0,1.0,1024.0,1.0,3.0,1.0,1.5,120.0
1037,0.1,0.0,1.0,0.2,0.0,1.0,2048.0,1.0,2.0,0.01,128.0,1.0,0.2,0.0,1.0,1024.0,1.0,3.0,1.0,1.5,120.0
1043,0.1,128.0,1.0,0.2,0.0,1.0,2048.0,1.0,2.0,0.01,0.0,1.0,0.2,0.0,1.0,1024.0,1.0,3.0,1.0,1.5,120.0
1044,0.1,0.0,1.0,0.2,0.0,1.0,2048.0,1.0,2.0,0.01,128.0,1.0,0.2,0.0,1.0,1024.0,1.0,3.0,1.0,1.5,120.0
1047,0.1,128.0,1.0,0.2,0.0,1.0,2048.0,1.0,2.0,0.01,0.0,1.0,0.2,0.0,1.0,1024.0,1.0,3.0,1.0,1.5,120.0
1048,0.1,0.0,1.0,0.2,0.0,1.0,2048.0,1.0,2.0,0.01,128.0,1.0,0.2,0.0,1.0,1024.0,1.0,3.0,1.0,1.5,120.0
1054,0.1,128.0,1.0,0.2,0.0,1.0,2048.0,1.0,2.0,0.01,0.0,1.0,0.2,0.0,1.0,1024.0,1.0,3.0,1.0,1.5,120.0
1055,0.1,0.0,1.0,0.2,0.0,1.0,2048.0,1.0,2.0,0.01,128.0,1.0,0.2,0.0,1.0,1024.0,1.0,3.0,1.0,1.5,120.0
1061,0.1,128.0,1.0,0.2,0.0,1.0,2048.0,1.0,2.0,0.01,0.0,1.0,0.2,0.0,1.0,1024.0,1.0,3.0,1.0,1.5,120.0
1062,0.1,0.0,1.0,0.2,0.0,1.0,2048.0,1.0,2.0,0.01,128.0,1.0,0.2,0.0,1.0,1024.0,1.0,3.0,1.0,1.5,120.0
1068,0.1,128.0,1.0,0.2,0.0,1.0,2048.0,1.0,2.0,0.01,0.0,1.0,0.2,0.0,1.0,1024.0,1.0,3.0,1.0,1.5,120.0
1069,0.1,0.0,1.0,0.2,0.0,1.0,2048.0,1.0,2.0,0.01,128.0,1.0,0.2,0.0,1.0,1024.0,1.0,3.0,1.0,1.5,120.0
1075,0.1,128.0,1.0,0.2,0.0,1.0,2048.0,1.0,2.0,0.01,0.0,1.0,0.2,0.0,1.0,1024.0,1.0,3.0,1.0,1.5,120.0
1076,0.1,0.0,1.0,0.2,0.0,1.0,2048.0,1.0,2.0,0.01,128.0,1.0,0.2,0.0,1.0,1024.0,1.0,3.0,1.0,1.5,120.0
1090,0.1,128.0,1.0,0.2,0.0,1.0,2048.0,1.0,2.0,0.01,0.0,1.0,0.2,0.0,1.0,1024.0,1.0,3.0,1.0,1.5,120.0
1091,0.1,0.0,1.0,0.2,0.0,1.0,2048.0,1.0,2.0,0.01,128.0,1.0,0.2,0.0,1.0,1024.0,1.0,3.0,1.0,1.5,120.0
1108,0.1,128.0,1.0,0.2,0.0,1.0,2048.0,1.0,2.0,0.01,0.0,1.0,0.2,0.0,1.0,1024.0,1.0,3.0,1.0,1.5,120.0
1109,0.1,0.0,1.0,0.2,0.0,1.0,2048.0,1.0,2.0,0.01,128.0,1.0,0.2,0.0,1.0,1024.0,1.0,3.0,1.0,1.5,120.0
1135,0.1,128.0,1.0,0.2,0.0,1.0,2048.0,1.0,2.0,0.01,0.0,1.0,0.2,0.0,1.0,1024.0,1.0,3.0,1.0,1.5,120.0
1136,0.1,0.0,1.0,0.2,0.0,1.0,2048.0,1.0,2.0,0.01,128.0,1.0,0.2,0.0,1.0,1024.0,1.0,3.0,1.0,1.5,120.0
1182,0.1,128.0,1.0,0.2,0.0,1.0,2048.0,1.0,2.0,0.01,0.0,1.0,0.2,0.0,1.0,1024.0,1.0,3.0,1.0,1.5,120.0
1183,0.1,0.0,1.0,0.2,0.0,1.0,2048.0,1.0,2.0,0.01,128.0,1.0,0.2,0.0,1.0,1024.0,1.0,3.0,1.0,1.5,120.0
1227,0.1,128.0,1.0,0.2,0.0,1.0,2048.0,1.0,2.0,0.01,0.0,1.0,0.2,0.0,1.0,1024.0,1.0,3.0,1.0,1.5,120.0
1228,0.1,0.0,1.0,0.2,0.0,1.0,2048.0,1.0,2.0,0.01,128.0,1.0,0.2,0.0,1.0,1024.0,1.0,3.0,1.0,1.5,120.0
1270,0.1,128.0,1.0,0.2,0.0,1.0,2048.0,1.0,2.0,0.01,0.0,1.0,0.2,0.0,1.0,1024.0,1.0,3.0,1.0,1.5,120.0
1271,0.1,0.0,1.0,0.2,0.0,1.0,2048.0,1.0,2.0,0.01,128.0,1.0,0.2,0.0,1.0,1024.0,1.0,3.0,1.0,1.5,120.0
1274,0.1,128.0,1.0,0.2,0.0,1.0,2048.0,1.0,2.0,0.01,0.0,1.0,0.2,0.0,1.0,1024.0,1.0,3.0,1.0,1.5,120.0
1275,0.1,0.0,1.0,0.2,0.0,1.0,2048.0,1.0,2.0,0.01,128.0,1.0,0.2,0.0,1.0,1024.0,1.0,3.0,1.0,1.5,120.0
1281,0.1,128.0,1.0,0.2,0.0,1.0,2048.0,1.0,2.0,0.01,0.0,1.0,0.2,0.0,1.0,1024.0,1.0,3.0,1.0,1.5,120.0
1282,0.1,0.0,1.0,0.2,0.0,1.0,2048.0,1.0,2.0,0.01,128.0,1.0,0.2,0.0,1.0,1024.0,1.0,3.0,1.0,1.5,120.0
1318,0.1,128.0,1.0,0.2,0.0,1.0,2048.0,1.0,2.0,0.01,0.0,1.0,0.2,0.0,1.0,1024.0,1.0,3.0,1.0,1.5,120.0
1319,0.1,0.0,1.0,0.2,0.0,1.0,2048.0,1.0,2.0,0.01,128.0,1.0,0.2,0.0,1.0,1024.0,1.0,3.0,1.0,1.5,120.0
1361,0.1,128.0,1.0,0.2,0.0,1.0,2048.0,1.0,2.0,0.01,0.0,1.0,0.2,0.0,1.0,1024.0,1.0,3.0,1.0,1.5,120.0
1362,0.1,0.0,1.0,0.2,0.0,1.0,2048.0,1.0,2.0,0.01,128.0,1.0,0.2,0.0,1.0,1024.0,1.0,3.0,1.0,1.5,120.0
1436,0.1,128.0,1.0,0.2,0.0,1.0,2048.0,1.0,2.0,0.01,0.0,1.0,0.2,0.0,1.0,1024.0,1.0,3.0,1.0,1.5,120.0
1437,0.1,0.0,1.0,0.2,0.0,1.0,2048.0,1.0,2.0,0.01,128.0,1.0,0.2,0.0,1.0,1024.0,1.0,3.0,1.0,1.5,120.0
1485,0.1,128.0,1.0,0.2,0.0,1.0,2048.0,1.0,2.0,0.01,0.0,1.0,0.2,0.0,1.0,1024.0,1.0,3.0,1.0,1.5,120.0
1486,0.1,0.0,1.0,0.2,0.0,1.0,2048.0,1.0,2.0,0.01,128.0,1.0,0.2,0.0,1.0,1024.0,1.0,3.0,1.0,1.5,120.0
1515,0.1,128.0,1.0,0.2,0.0,1.0,2048.0,1.0,2.0,0.01,0.0,1.0,0.2,0.0,1.0,1024.0,1.0,3.0,1.0,1.5,120.0
1516,0.1,0.0,1.0,0.2,0.0,1.0,2048.0,1.0,2.0,0.01,128.0,1.0,0.2,0.0,1.0,1024.0,1.0,3.0,1.0,1.5,120.0
1558,0.1,128.0,1.0,0.2,0.0,1.0,2048.0,1.0,2.0,0.01,0.0,1.0,0.2,0.0,1.0,1024.0,1.0,3.0,1.0,1.5,120.0
1559,0.1,0.0,1.0,0.2,0.0,1.0,2048.0,1.0,2.0,0.01,128.0,1.0,0.2,0.0,1.0,1024.0,1.0,3.0,1.0,1.5,120.0
1625,0.1,128.0,1.0,0.2,0.0,1.0,2048.0,1.0,2.0,0.01,0.0,1.0,0.2,0.0,1.0,1024.0,1.0,3.0,1.0,1.5,120.0
1626,0.1,0.0,1.0,0.2,0.0,1.0,2048.0,1.0,2.0,0.01,128.0,1.0,0.2,0.0,1.0,1024.0,1.0,3.0,1.0,1.5,120.0
1640,0.1,128.0,1.0,0.2,0.0,1.0,2048.0,1.0,2.0,0.01,0.0,1.0,0.2,0.0,1.0,1024.0,1.0,3.0,1.0,1.5,120.0
1641,0.1,0.0,1.0,0.2,0.0,1.0,2048.0,1.0,2.0,0.01,128.0,1.0,0.2,0.0,1.0,1024.0,1.0,3.0,1.0,1.5,120.0
1676,0.1,128.0,1.0,0.2,0.0,1.0,2048.0,1.0,2.0,0.01,0.0,1.0,0.2,0.0,1.0,1024.0,1.0,3.0,1.0,1.5,120.0
1677,0.1,0.0,1.0,0.2,0.0,1.0,2048.0,1.0,2.0,0.01,128.0,1.0,0.2,0.0,1.0,1024.0,1.0,3.0,1.0,1.5,120.0
1704,0.1,128.0,1.0,0.2,0.0,1.0,2048.0,1.0,2.0,0.01,0.0,1.0,0.2,0.0,1.0,1024.0,1.0,3.0,1.0,1.5,120.0
1705,0.1,0.0,1.0,0.2,0.0,1.0,2048.0,1.0,2.0,0.01,128.0,1.0,0.2,0.0,1.0,1024.0,1.0,3.0,1.0,1.5,120.0
1748,0.1,128.0,1.0,0.2,0.0,1.0,2048.0,1.0,2.0,0.01,0.0,1.0,0.2,0.0,1.0,1024.0,1.0,3.0,1.0,1.5,120.0
1749,0.1,0.0,1.0,0.2,0.0,1.0,2048.0,1.0,2.0,0.01,128.0,1.0,0.2,0.0,1.0,1024.0,1.0,3.0,1.0,1.5,120.0
1811,0.1,128.0,1.0,0.2,0.0,1.0,2048.0,1.0,2.0,0.01,0.0,1.0,0.2,0.0,1.0,1024.0,1.0,3.0,1.0,1.5,120.0
1812,0.1,0.0,1.0,0.2,0.0,1.0,2048.0,1.0,2.0,0.01,128.0,1.0,0.2,0.0,1.0,1024.0,1.0,3.0,1.0,1.5,120.0
1864,0.1,128.0,1.0,0.2,0.0,1.0,2048.0,1.0,2.0,0.01,0.0,1.0,0.2,0.0,1.0,1024.0,1.0,3.0,1.0,1.5,120.0
1865,0.1,0.0,1.0,0.2,0.0,1.0,2048.0,1.0,2.0,0.01,128.0,1.0,0.2,0.0,1.0,1024.0,1.0,3.0,1.0,1.5,120.0
1883,0.1,128.0,1.0,0.2,0.0,1.0,2048.0,1.0,2.0,0.01,0.0,1.0,0.2,0.0,1.0,1024.0,1.0,3.0,1.0,1.5,120.0
1884,0.1,0.0,1.0,0.2,0.0,1.0,2048.0,1.0,2.0,0.01,128.0,1.0,0.2,0.0,1.0,1024.0,1.0,3.0,1.0,1.5,120.0
1946,0.1,128.0,1.0,0.2,0.0,1.0,2048.0,1.0,2.0,0.01,0.0,1.0,0.2,0.0,1.0,1024.0,1.0,3.0,1.0,1.5,120.0
1947,0.1,0.0,1.0,0.2,0.0,1.0,2048.0,1.0,2.0,0.01,128.0,1.0,0.2,0.0,1.0,1024.0,1.0,3.0,1.0,1.5,120.0
1959,0.1,128.0,1.0,0.2,0.0,1.0,2048.0,1.0,2.0,0.01,0.0,1.0,0.2,0.0,1.0,1024.0,1.0,3.0,1.0,1.5,120.0
1960,0.1,0.0,1.0,0.2,0.0,1.0,2048.0,1.0,2.0,0.01,128.0,1.0,0.2,0.0,1.0,1024.0,1.0,3.0,1.0,1.5,120.0
1962,0.1,128.0,1.0,0.2,0.0,1.0,2048.0,1.0,2.0,0.01,0.0,1.0,0.2,0.0,1.0,1024.0,1.0,3.0,1.0,1.5,120.0
1963,0.1,0.0,1.0,0.2,0.0,1.0,2048.0,1.0,2.0,0.01,128.0,1.0,0.2,0.0,1.0,1024.0,1.0,3.0,1.0,1.5,120.0
2017,0.1,128.0,1.0,0.2,0.0,1.0,2048.0,1.0,2.0,0.01,0.0,1.0,0.2,0.0,1.0,1024.0,1.0,3.0,1.0,1.5,120.0
2018,0.1,0.0,1.0,0.2,0.0,1.0,2048.0,1.0,2.0,0.01,128.0,1.0,0.2,0.0,1.0,1024.0,1.0,3.0,1.0,1.5,120.0
2090,0.1,128.0,1.0,0.2,0.0,1.0,2048.0,1.0,2.0,0.01,0.0,1.0,0.2,0.0,1.0,1024.0,1.0,3.0,1.0,1.5,120.0
2091,0.1,0.0,1.0,0.2,0.0,1.0,2048.0,1.0,2.0,0.01,128.0,1.0,0.2,0.0,1.0,1024.0,1.0,3.0,1.0,1.5,120.0
2160,0.1,128.0,1.0,0.2,0.0,1.0,2048.0,1.0,2.0,0.01,0.0,1.0,0.2,0.0,1.0,1024.0,1.0,3.0,1.0,1.5,120.0
2161,0.1,0.0,1.0,0.2,0.0,1.0,2048.0,1.0,2.0,0.01,128.0,1.0,0.2,0.0,1.0,1024.0,1.0,3.0,1.0,1.5,120.0
2194,0.1,128.0,1.0,0.2,0.0,1.0,2048.0,1.0,2.0,0.01,0.0,1.0,0.2,0.0,1.0,1024.0,1.0,3.0,1.0,1.5,120.0
2195,0.1,0.0,1.0,0.2,0.0,1.0,2048.0,1.0,2.0,0.01,128.0,1.0,0.2,0.0,1.0,1024.0,1.0,3.0,1.0,1.5,120.0
2224,0.1,128.0,1.0,0.2,0.0,1.0,2048.0,1.0,2.0,0.01,0.0,1.0,0.2,0.0,1.0,1024.0,1.0,3.0,1.0,1.5,120.0
2225,0.1,0.0,1.0,0.2,0.0,1.0,2048.0,1.0,2.0,0.01,128.0,1.0,0.2,0.0,1.0,1024.0,1.0,3.0,1.0,1.5,120.0
2233,0.1,128.0,1.0,0.2,0.0,1.0,2048.0,1.0,2.0,0.01,0.0,1.0,0.2,0.0,1.0,1024.0,1.0,3.0,1.0,1.5,120.0
2234,0.1,0.0,1.0,0.2,0.0,1.0,2048.0,1.0,2.0,0.01,128.0,1.0,0.2,0.0,1.0,1024.0,1.0,3.0,1.0,1.5,120.0
2248,0.1,128.0,1.0,0.2,0.0,1.0,2048.0,1.0,2.0,0.01,0.0,1.0,0.2,0.0,1.0,1024.0,1.0,3.0,1.0,1.5,120.0
2249,0.1,0.0,1.0,0.2,0.0,1.0,2048.0,1.0,2.0,0.01,128.0,1.0,0.2,0.0,1.0,1024.0,1.0,3.0,1.0,1.5,120.0
2320,0.1,128.0,1.0,0.2,0.0,1.0,2048.0,1.0,2.0,0.01,0.0,1.0,0.2,0.0,1.0,1024.0,1.0,3.0,1.0,1.5,120.0
2321,0.1,0.0,1.0,0.2,0.0,1.0,2048.0,1.0,2.0,0.01,128.0,1.0,0.2,0.0,1.0,1024.0,1.0,3.0,1.0,1.5,120.0
2355,0.1,128.0,1.0,0.2,0.0,1.0,2048.0,1.0,2.0,0.01,0.0,1.0,0.2,0.0,1.0,1024.0,1.0,3.0,1.0,1.5,120.0
2356,0.1,0.0,1.0,0.2,0.0,1.0,2048.0,1.0,2.0,0.01,128.0,1.0,0.2,0.0,1.0,1024.0,1.0,3.0,1.0,1.5,120.0
2364,0.1,128.0,1.0,0.2,0.0,1.0,2048.0,1.0,2.0,0.01,0.0,1.0,0.2,0.0,1.0,1024.0,1.0,3.0,1.0,1.5,120.0
2365,0.1,0.0,1.0,0.2,0.0,1.0,2048.0,1.0,2.0,0.01,128.0,1.0,0.2,0.0,1.0,1024.0,1.0,3.0,1.0,1.5,120.0
2379,0.1,128.0,1.0,0.2,0.0,1.0,2048.0,1.0,2.0,0.01,0.0,1.0,0.2,0.0,1.0,1024.0,1.0,3.0,1.0,1.5,120.0
2380,0.1,0.0,1.0,0.2,0.0,1.0,2048.0,1.0,2.0,0.01,128.0,1.0,0.2,0.0,1.0,1024.0,1.0,3.0,1.0,1.5,120.0
2386,0.1,128.0,1.0,0.2,0.0,1.0,2048.0,1.0,2.0,0.01,0.0,1.0,0.2,0.0,1.0,1024.0,1.0,3.0,1.0,1.5,120.0
2387,0.1,0.0,1.0,0.2,0.0,1.0,2048.0,1.0,2.0,0.01,128.0,1.0,0.2,0.0,1.0,1024.0,1.0,3.0,1.0,1.5,120.0
2393,0.1,128.0,1.0,0.2,0.0,1.0,2048.0,1.0,2.0,0.01,0.0,1.0,0.2,0.0,1.0,1024.0,1.0,3.0,1.0,1.5,120.0
2394,0.1,0.0,1.0,0.2,0.0,1.0,2048.0,1.0,2.0,0.01,128.0,1.0,0.2,0.0,1.0,1024.0,1.0,3.0,1.0,1.5,120.0
2409,0.1,128.0,1.0,0.2,0.0,1.0,2048.0,1.0,2.0,0.01,0.0,1.0,0.2,0.0,1.0,1024.0,1.0,3.0,1.0,1.5,120.0
2410,0.1,0.0,1.0,0.2,0.0,1.0,2048.0,1.0,2.0,0.01,128.0,1.0,0.2,0.0,1.0,1024.0,1.0,3.0,1.0,1.5,120.0
2443,0.1,128.0,1.0,0.2,0.0,1.0,2048.0,1.0,2.0,0.01,0.0,1.0,0.2,0.0,1.0,1024.0,1.0,3.0,1.0,1.5,120.0
2444,0.1,0.0,1.0,0.2,0.0,1.0,2048.0,1.0,2.0,0.01,128.0,1.0,0.2,0.0,1.0,1024.0,1.0,3.0,1.0,1.5,120.0
2508,0.1,128.0,1.0,0.2,0.0,1.0,2048.0,1.0,2.0,0.01,0.0,1.0,0.2,0.0,1.0,1024.0,1.0,3.0,1.0,1.5,120.0
2509,0.1,0.0,1.0,0.2,0.0,1.0,2048.0,1.0,2.0,0.01,128.0,1.0,0.2,0.0,1.0,1024.0,1.0,3.0,1.0,1.5,120.0
2577,0.1,128.0,1.0,0.2,0.0,1.0,2048.0,1.0,2.0,0.01,0.0,1.0,0.2,0.0,1.0,1024.0,1.0,3.0,1.0,1.5,120.0
2578,0.1,0.0,1.0,0.2,0.0,1.0,2048.0,1.0,2.0,0.01,128.0,1.0,0.2,0.0,1.0,1024.0,1.0,3.0,1.0,1.5,120.0
2582,0.1,128.0,1.0,0.2,0.0,1.0,2048.0,1.0,2.0,0.01,0.0,1.0,0.2,0.0,1.0,1024.0,1.0,3.0,1.0,1.5,120.0
2583,0.1,0.0,1.0,0.2,0.0,1.0,2048.0,1.0,2.0,0.01,128.0,1.0,0.2,0.0,1.0,1024.0,1.0,3.0,1.0,1.5,120.0
2632,0.1,128.0,1.0,0.2,0.0,1.0,2048.0,1.0,2.0,0.01,0.0,1.0,0.2,0.0,1.0,1024.0,1.0,3.0,1.0,1.5,120.0
2633,0.1,0.0,1.0,0.2,0.0,1.0,2048.0,1.0,2.0,0.01,128.0,1.0,0.2,0.0,1.0,1024.0,1.0,3.0,1.0,1.5,120.0
2715,0.1,128.0,1.0,0.2,0.0,1.0,2048.0,1.0,2.0,0.01,0.0,1.0,0.2,0.0,1.0,1024.0,1.0,3.0,1.0,1.5,120.0
2716,0.1,0.0,1.0,0.2,0.0,1.0,2048.0,1.0,2.0,0.01,128.0,1.0,0.2,0.0,1.0,1024.0,1.0,3.0,1.0,1.5,120.0
2793,0.1,128.0,1.0,0.2,0.0,1.0,2048.0,1.0,2.0,0.01,0.0,1.0,0.2,0.0,1.0,1024.0,1.0,3.0,1.0,1.5,120.0
2794,0.1,0.0,1.0,0.2,0.0,1.0,2048.0,1.0,2.0,0.01,128.0,1.0,0.2,0.0,1.0,1024.0,1.0,3.0,1.0,1.5,120.0
2838,0.1,128.0,1.0,0.2,0.0,1.0,2048.0,1.0,2.0,0.01,0.0,1.0,0.2,0.0,1.0,1024.0,1.0,3.0,1.0,1.5,120.0
2839,0.1,0.0,1.0,0.2,0.0,1.0,2048.0,1.0,2.0,0.01,128.0,1.0,0.2,0.0,1.0,1024.0,1.0,3.0,1.0,1.5,120.0
2874,0.1,128.0,1.0,0.2,0.0,1.0,2048.0,1.0,2.0,0.01,0.0,1.0,0.2,0.0,1.0,1024.0,1.0,3.0,1.0,1.5,120.0
2875,0.1,0.0,1.0,0.2,0.0,1.0,2048.0,1.0,2.0,0.01,128.0,1.0,0.2,0.0,1.0,1024.0,1.0,3.0,1.0,1.5,120.0
2931,0.1,128.0,1.0,0.2,0.0,1.0,2048.0,1.0,2.0,0.01,0.0,1.0,0.2,0.0,1.0,1024.0,1.0,3.0,1.0,1.5,120.0
2932,0.1,0.0,1.0,0.2,0.0,1.0,2048.0,1.0,2.0,0.01,128.0,1.0,0.2,0.0,1.0,1024.0,1.0,3.0,1.0,1.5,120.0
3004,0.1,128.0,1.0,0.2,0.0,1.0,2048.0,1.0,2.0,0.01,0.0,1.0,0.2,0.0,1.0,1024.0,1.0,3.0,1.0,1.5,120.0
3005,0.1,0.0,1.0,0.2,0.0,1.0,2048.0,1.0,2.0,0.01,128.0,1.0,0.2,0.0,1.0,1024.0,1.0,3.0,1.0,1.5,120.0
3074,0.1,128.0,1.0,0.2,0.0,1.0,2048.0,1.0,2.0,0.01,0.0,1.0,0.2,0.0,1.0,1024.0,1.0,3.0,1.0,1.5,120.0
3075,0.1,0.0,1.0,0.2,0.0,1.0,2048.0,1.0,2.0,0.01,128.0,1.0,0.2,0.0,1.0,1024.0,1.0,3.0,1.0,1.5,120.0
3110,0.1,128.0,1.0,0.2,0.0,1.0,2048.0,1.0,2.0,0.01,0.0,1.0,0.2,0.0,1.0,1024.0,1.0,3.0,1.0,1.5,120.0
3111,0.1,0.0,1.0,0.2,0.0,1.0,2048.0,1.0,2.0,0.01,128.0,1.0,0.2,0.0,1.0,1024.0,1.0,3.0,1.0,1.5,120.0
3181,0.1,128.0,1.0,0.2,0.0,1.0,2048.0,1.0,2.0,0.01,0.0,1.0,0.2,0.0,1.0,1024.0,1.0,3.0,1.0,1.5,120.0
3182,0.1,0.0,1.0,0.2,0.0,1.0,2048.0,1.0,2.0,0.01,128.0,1.0,0.2,0.0,1.0,1024.0,1.0,3.0,1.0,1.5,120.0
3265,0.1,128.0,1.0,0.2,0.0,1.0,2048.0,1.0,2.0,0.01,0.0,1.0,0.2,0.0,1.0,1024.0,1.0,3.0,1.0,1.5,120.0
3266,0.1,0.0,1.0,0.2,0.0,1.0,2048.0,1.0,2.0,0.01,128.0,1.0,0.2,0.0,1.0,1024.0,1.0,3.0,1.0,1.5,120.0
3286,0.1,128.0,1.0,0.2,0.0,1.0,2048.0,1.0,2.0,0.01,0.0,1.0,0.2,0.0,1.0,1024.0,1.0,3.0,1.0,1.5,120.0
3287,0.1,0.0,1.0,0.2,0.0,1.0,2048.0,1.0,2.0,0.01,128.0,1.0,0.2,0.0,1.0,1024.0,1.0,3.0,1.0,1.5,120.0
3296,0.1,128.0,1.0,0.2,0.0,1.0,2048.0,1.0,2.0,0.01,0.0,1.0,0.2,0.0,1.0,1024.0,1.0,3.0,1.0,1.5,120.0
3297,0.1,0.0,1.0,0.2,0.0,1.0,2048.0,1.0,2.0,0.01,128.0,1.0,0.2,0.0,1.0,1024.0,1.0,3.0,1.0,1.5,120.0
3306,0.1,128.0,1.0,0.2,0.0,1.0,2048.0,1.0,2.0,0.01,0.0,1.0,0.2,0.0,1.0,1024.0,1.0,3.0,1.0,1.5,120.0
3307,0.1,0.0,1.0,0.2,0.0,1.0,2048.0,1.0,2.0,0.01,128.0,1.0,0.2,0.0,1.0,1024.0,1.0,3.0,1.0,1.5,120.0
3322,0.1,128.0,1.0,0.2,0.0,1.0,2048.0,1.0,2.0,0.01,0.0,1.0,0.2,0.0,1.0,1024.0,1.0,3.0,1.0,1.5,120.0
3323,0.1,0.0,1.0,0.2,0.0,1.0,2048.0,1.0,2.0,0.01,128.0,1.0,0.2,0.0,1.0,1024.0,1.0,3.0,1.0,1.5,120.0
3330,0.1,128.0,1.0,0.2,0.0,1.0,2048.0,1.0,2.0,0.01,0.0,1.0,0.2,0.0,1.0,1024.0,1.0,3.0,1.0,1.5,120.0
3331,0.1,0.0,1.0,0.2,0.0,1.0,2048.0,1.0,2.0,0.01,128.0,1.0,0.2,0.0,1.0,1024.0,1.0,3.0,1.0,1.5,120.0
3338,0.1,128.0,1.0,0.2,0.0,1.0,2048.0,1.0,2.0,0.01,0.0,1.0,0.2,0.0,1.0,1024.0,1.0,3.0,1.0,1.5,120.0
3339,0.1,0.0,1.0,0.2,0.0,1.0,2048.0,1.0,2.0,0.01,128.0,1.0,0.2,0.0,1.0,1024.0,1.0,3.0,1.0,1.5,120.0
3361,0.1,128.0,1.0,0.2,0.0,1.0,2048.0,1.0,2.0,0.01,0.0,1.0,0.2,0.0,1.0,1024.0,1.0,3.0,1.0,1.5,120.0
3362,0.1,0.0,1.0,0.2,0.0,1.0,2048.0,1.0,2.0,0.01,128.0,1.0,0.2,0.0,1.0,1024.0,1.0,3.0,1.0,1.5,120.0
3371,0.1,128.0,1.0,0.2,0.0,1.0,2048.0,1.0,2.0,0.01,0.0,1.0,0.2,0.0,1.0,1024.0,1.0,3.0,1.0,1.5,120.0
3372,0.1,0.0,1.0,0.2,0.0,1.0,2048.0,1.0,2.0,0.01,128.0,1.0,0.2,0.0,1.0,1024.0,1.0,3.0,1.0,1.5,120.0
3379,0.1,128.0,1.0,0.2,0.0,1.0,2048.0,1.0,2.0,0.01,0.0,1.0,0.2,0.0,1.0,1024.0,1.0,3.0,1.0,1.5,120.0
3380,0.1,0.0,1.0,0.2,0.0,1.0,2048.0,1.0,2.0,0.01,128.0,1.0,0.2,0.0,1.0,1024.0,1.0,3.0,1.0,1.5,120.0
3387,0.1,128.0,1.0,0.2,0.0,1.0,2048.0,1.0,2.0,0.01,0.0,1.0,0.2,0.0,1.0,1024.0,1.0,3.0,1.0,1.5,120.0
3388,0.1,0.0,1.0,0.2,0.0,1.0,2048.0,1.0,2.0,0.01,128.0,1.0,0.2,0.0,1.0,1024.0,1.0,3.0,1.0,1.5,120.0
3404,0.1,128.0,1.0,0.2,0.0,1.0,2048.0,1.0,2.0,0.01,0.0,1.0,0.2,0.0,1.0,1024.0,1.0,3.0,1.0,1.5,120.0
3405,0.1,0.0,1.0,0.2,0.0,1.0,2048.0,1.0,2.0,0.01,128.0,1.0,0.2,0.0,1.0,1024.0,1.0,3.0,1.0,1.5,120.0
3436,0.1,128.0,1.0,0.2,0.0,1.0,2048.0,1.0,2.0,0.01,0.0,1.0,0.2,0.0,1.0,1024.0,1.0,3.0,1.0,1.5,120.0
3437,0.1,0.0,1.0,0.2,0.0,1.0,2048.0,1.0,2.0,0.01,128.0,1.0,0.2,0.0,1.0,1024.0,1.0,3.0,1.0,1.5,120.0
3464,0.1,128.0,1.0,0.2,0.0,1.0,2048.0,1.0,2.0,0.01,0.0,1.0,0.2,0.0,1.0,1024.0,1.0,3.0,1.0,1.5,120.0
3465,0.1,0.0,1.0,0.2,0.0,1.0,2048.0,1.0,2.0,0.01,128.0,1.0,0.2,0.0,1.0,1024.0,1.0,3.0,1.0,1.5,120.0
3508,0.1,128.0,1.0,0.2,0.0,1.0,2048.0,1.0,2.0,0.01,0.0,1.0,0.2,0.0,1.0,1024.0,1.0,3.0,1.0,1.5,120.0
3509,0.1,0.0,1.0,0.2,0.0,1.0,2048.0,1.0,2.0,0.01,128.0,1.0,0.2,0.0,1.0,1024.0,1.0,3.0,1.0,1.5,120.0
3560,0.1,128.0,1.0,0.2,0.0,1.0,2048.0,1.0,2.0,0.01,0.0,1.0,0.2,0.0,1.0,1024.0,1.0,3.0,1.0,1.5,120.0
3561,0.1,0.0,1.0,0.2,0.0,1.0,2048.0,1.0,2.0,0.01,128.0,1.0,0.2,0.0,1.0,1024.0,1.0,3.0,1.0,1.5,120.0
3622,0.1,128.0,1.0,0.2,0.0,1.0,2048.0,1.0,2.0,0.01,0.0,1.0,0.2,0.0,1.0,1024.0,1.0,3.0,1.0,1.5,120.0
3623,0.1,0.0,1.0,0.2,0.0,1.0,2048.0,1.0,2.0,0.01,128.0,1.0,0.2,0.0,1.0,1024.0,1.0,3.0,1.0,1.5,120.0
3694,0.1,128.0,1.0,0.2,0.0,1.0,2048.0,1.0,2.0,0.01,0.0,1.0,0.2,0.0,1.0,1024.0,1.0,3.0,1.0,1.5,120.0
3695,0.1,0.0,1.0,0.2,0.0,1.0,2048.0,1.0,2.0,0.01,128.0,1.0,0.2,0.0,1.0,1024.0,1.0,3.0,1.0,1.5,120.0
3759,0.1,128.0,1.0,0.2,0.0,1.0,2048.0,1.0,2.0,0.01,0.0,1.0,0.2,0.0,1.0,1024.0,1.0,3.0,1.0,1.5,120.0
3760,0.1,0.0,1.0,0.2,0.0,1.0,2048.0,1.0,2.0,0.01,128.0,1.0,0.2,0.0,1.0,1024.0,1.0,3.0,1.0,1.5,120.0
3812,0.1,128.0,1.0,0.2,0.0,1.0,2048.0,1.0,2.0,0.01,0.0,1.0,0.2,0.0,1.0,1024.0,1.0,3.0,1.0,1.5,120.0
3813,0.1,0.0,1.0,0.2,0.0,1.0,2048.0,1.0,2.0,0.01,128.0,1.0,0.2,0.0,1.0,1024.0,1.0,3.0,1.0,1.5,120.0
3823,0.1,128.0,1.0,0.2,0.0,1.0,2048.0,1.0,2.0,0.01,0.0,1.0,0.2,0.0,1.0,1024.0,1.0,3.0,1.0,1.5,120.0
3824,0.1,0.0,1.0,0.2,0.0,1.0,2048.0,1.0,2.0,0.01,128.0,1.0,0.2,0.0,1.0,1024.0,1.0,3.0,1.0,1.5,120.0
3831,0.1,128.0,1.0,0.2,0.0,1.0,2048.0,1.0,2.0,0.01,0.0,1.0,0.2,0.0,1.0,1024.0,1.0,3.0,1.0,1.5,120.0
3832,0.1,0.0,1.0,0.2,0.0,1.0,2048.0,1.0,2.0,0.01,128.0,1.0,0.2,0.0,1.0,1024.0,1.0,3.0,1.0,1.5,120.0
3851,0.1,128.0,1.0,0.2,0.0,1.0,2048.0,1.0,2.0,0.01,0.0,1.0,0.2,0.0,1.0,1024.0,1.0,3.0,1.0,1.5,120.0
3852,0.1,0.0,1.0,0.2,0.0,1.0,2048.0,1.0,2.0,0.01,128.0,1.0,0.2,0.0,1.0,1024.0,1.0,3.0,1.0,1.5,120.0
3863,0.1,128.0,1.0,0.2,0.0,1.0,2048.0,1.0,2.0,0.01,0.0,1.0,0.2,0.0,1.0,1024.0,1.0,3.0,1.0,1.5,120.0
3864,0.1,0.0,1.0,0.2,0.0,1.0,2048.0,1.0,2.0,0.01,128.0,1.0,0.2,0.0,1.0,1024.0,1.0,3.0,1.0,1.5,120.0
3886,0.1,128.0,1.0,0.2,0.0,1.0,2048.0,1.0,2.0,0.01,0.0,1.0,0.2,0.0,1.0,1024.0,1.0,3.0,1.0,1.5,120.0
3887,0.1,0.0,1.0,0.2,0.0,1.0,2048.0,1.0,2.0,0.01,128.0,1.0,0.2,0.0,1.0,1024.0,1.0,3.0,1.0,1.5,120.0
3893,0.1,128.0,1.0,0.2,0.0,1.0,2048.0,1.0,2.0,0.01,0.0,1.0,0.2,0.0,1.0,1024.0,1.0,3.0,1.0,1.5,120.0
3894,0.1,0.0,1.0,0.2,0.0,1.0,2048.0,1.0,2.0,0.01,128.0,1.0,0.2,0.0,1.0,1024.0,1.0,3.0,1.0,1.5,120.0
3954,0.1,128.0,1.0,0.2,0.0,1.0,2048.0,1.0,2.0,0.01,0.0,1.0,0.2,0.0,1.0,1024.0,1.0,3.0,1.0,1.5,120.0
3955,0.1,0.0,1.0,0.2,0.0,1.0,2048.0,1.0,2.0,0.01,128.0,1.0,0.2,0.0,1.0,1024.0,1.0,3.0,1.0,1.5,120.0
3972,0.1,128.0,1.0,0.2,0.0,1.0,2048.0,1.0,2.0,0.01,0.0,1.0,0.2,0.0,1.0,1024.0,1.0,3.0,1.0,1.5,120.0
3973,0.1,0.0,1.0,0.2,0.0,1.0,2048.0,1.0,2.0,0.01,128.0,1.0,0.2,0.0,1.0,1024.0,1.0,3.0,1.0,1.5,120.0
4074,0.1,128.0,1.0,0.2,0.0,1.0,2048.0,1.0,2.0,0.01,0.0,1.0,0.2,0.0,1.0,1024.0,1.0,3.0,1.0,1.5,120.0
4075,0.1,0.0,1.0,0.2,0.0,1.0,2048.0,1.0,2.0,0.01,128.0,1.0,0.2,0.0,1.0,1024.0,1.0,3.0,1.0,1.5,120.0
4181,0.1,128.0,1.0,0.2,0.0,1.0,2048.0,1.0,2.0,0.01,0.0,1.0,0.2,0.0,1.0,1024.0,1.0,3.0,1.0,1.5,120.0
4182,0.1,0.0,1.0,0.2,0.0,1.0,2048.0,1.0,2.0,0.01,128.0,1.0,0.2,0.0,1.0,1024.0,1.0,3.0,1.0,1.5,120.0
4223,0.1,128.0,1.0,0.2,0.0,1.0,2048.0,1.0,2.0,0.01,0.0,1.0,0.2,0.0,1.0,1024.0,1.0,3.0,1.0,1.5,120.0
4224,0.1,0.0,1.0,0.2,0.0,1.0,2048.0,1.0,2.0,0.01,128.0,1.0,0.2,0.0,1.0,1024.0,1.0,3.0,1.0,1.5,120.0
4272,0.1,128.0,1.0,0.2,0.0,1.0,2048.0,1.0,2.0,0.01,0.0,1.0,0.2,0.0,1.0,1024.0,1.0,3.0,1.0,1.5,120.0
4273,0.1,0.0,1.0,0.2,0.0,1.0,2048.0,1.0,2.0,0.01,128.0,1.0,0.2,0.0,1.0,1024.0,1.0,3.0,1.0,1.5,120.0
4294,0.1,128.0,1.0,0.2,0.0,1.0,2048.0,1.0,2.0,0.01,0.0,1.0,0.2,0.0,1.0,1024.0,1.0,3.0,1.0,1.5,120.0
4295,0.1,0.0,1.0,0.2,0.0,1.0,2048.0,1.0,2.0,0.01,128.0,1.0,0.2,0.0,1.0,1024.0,1.0,3.0,1.0,1.5,120.0
4314,0.1,128.0,1.0,0.2,0.0,1.0,2048.0,1.0,2.0,0.01,0.0,1.0,0.2,0.0,1.0,1024.0,1.0,3.0,1.0,1.5,120.0
4315,0.1,0.0,1.0,0.2,0.0,1.0,2048.0,1.0,2.0,0.01,128.0,1.0,0.2,0.0,1.0,1024.0,1.0,3.0,1.0,1.5,120.0
4332,0.1,128.0,1.0,0.2,0.0,1.0,2048.0,1.0,2.0,0.01,0.0,1.0,0.2,0.0,1.0,1024.0,1.0,3.0,1.0,1.5,120.0
4333,0.1,0.0,1.0,0.2,0.0,1.0,2048.0,1.0,2.0,0.01,128.0,1.0,0.2,0.0,1.0,1024.0,1.0,3.0,1.0,1.5,120.0
4344,0.1,128.0,1.0,0.2,0.0,1.0,2048.0,1.0,2.0,0.01,0.0,1.0,0.2,0.0,1.0,1024.0,1.0,3.0,1.0,1.5,120.0
4345,0.1,0.0,1.0,0.2,0.0,1.0,2048.0,1.0,2.0,0.01,128.0,1.0,0.2,0.0,1.0,1024.0,1.0,3.0,1.0,1.5,120.0
4354,0.1,128.0,1.0,0.2,0.0,1.0,2048.0,1.0,2.0,0.01,0.0,1.0,0.2,0.0,1.0,1024.0,1.0,3.0,1.0,1.5,120.0
4355,0.1,0.0,1.0,0.2,0.0,1.0,2048.0,1.0,2.0,0.01,128.0,1.0,0.2,0.0,1.0,1024.0,1.0,3.0,1.0,1.5,120.0
4364,0.1,128.0,1.0,0.2,0.0,1.0,2048.0,1.0,2.0,0.01,0.0,1.0,0.2,0.0,1.0,1024.0,1.0,3.0,1.0,1.5,120.0
4365,0.1,0.0,1.0,0.2,0.0,1.0,2048.0,1.0,2.0,0.01,128.0,1.0,0.2,0.0,1.0,1024.0,1.0,3.0,1.0,1.5,120.0
4374,0.1,128.0,1.0,0.2,0.0,1.0,2048.0,1.0,2.0,0.01,0.0,1.0,0.2,0.0,1.0,1024.0,1.0,3.0,1.0,1.5,120.0
4375,0.1,0.0,1.0,0.2,0.0,1.0,2048.0,1.0,2.0,0.01,128.0,1.0,0.2,0.0,1.0,1024.0,1.0,3.0,1.0,1.5,120.0
4385,0.1,128.0,1.0,0.2,0.0,1.0,2048.0,1.0,2.0,0.01,0.0,1.0,0.2,0.0,1.0,1024.0,1.0,3.0,1.0,1.5,120.0
4386,0.1,0.0,1.0,0.2,0.0,1.0,2048.0,1.0,2.0,0.01,128.0,1.0,0.2,0.0,1.0,1024.0,1.0,3.0,1.0,1.5,120.0
4395,0.1,128.0,1.0,0.2,0.0,1.0,2048.0,1.0,2.0,0.01,0.0,1.0,0.2,0.0,1.0,1024.0,1.0,3.0,1.0,1.5,120.0
4396,0.1,0.0,1.0,0.2,0.0,1.0,2048.0,1.0,2.0,0.01,128.0,1.0,0.2,0.0,1.0,1024.0,1.0,3.0,1.0,1.5,120.0
4427,0.1,128.0,1.0,0.2,0.0,1.0,2048.0,1.0,2.0,0.01,0.0,1.0,0.2,0.0,1.0,1024.0,1.0,3.0,1.0,1.5,120.0
4428,0.1,0.0,1.0,0.2,0.0,1.0,2048.0,1.0,2.0,0.01,128.0,1.0,0.2,0.0,1.0,1024.0,1.0,3.0,1.0,1.5,120.0
4481,0.1,128.0,1.0,0.2,0.0,1.0,2048.0,1.0,2.0,0.01,0.0,1.0,0.2,0.0,1.0,1024.0,1.0,3.0,1.0,1.5,120.0
4482,0.1,0.0,1.0,0.2,0.0,1.0,2048.0,1.0,2.0,0.01,128.0,1.0,0.2,0.0,1.0,1024.0,1.0,3.0,1.0,1.5,120.0
4500,0.1,128.0,1.0,0.2,0.0,1.0,2048.0,1.0,2.0,0.01,0.0,1.0,0.2,0.0,1.0,1024.0,1.0,3.0,1.0,1.5,120.0
4501,0.1,0.0,1.0,0.2,0.0,1.0,2048.0,1.0,2.0,0.01,128.0,1.0,0.2,0.0,1.0,1024.0,1.0,3.0,1.0,1.5,120.0
4528,0.1,128.0,1.0,0.2,0.0,1.0,2048.0,1.0,2.0,0.01,0.0,1.0,0.2,0.0,1.0,1024.0,1.0,3.0,1.0,1.5,120.0
4529,0.1,0.0,1.0,0.2,0.0,1.0,2048.0,1.0,2.0,0.01,128.0,1.0,0.2,0.0,1.0,1024.0,1.0,3.0,1.0,1.5,120.0
4541,0.1,128.0,1.0,0.2,0.0,1.0,2048.0,1.0,2.0,0.01,0.0,1.0,0.2,0.0,1.0,1024.0,1.0,3.0,1.0,1.5,120.0
4542,0.1,0.0,1.0,0.2,0.0,1.0,2048.0,1.0,2.0,0.01,128.0,1.0,0.2,0.0,1.0,1024.0,1.0,3.0,1.0,1.5,120.0
4551,0.1,128.0,1.0,0.2,0.0,1.0,2048.0,1.0,2.0,0.01,0.0,1.0,0.2,0.0,1.0,1024.0,1.0,3.0,1.0,1.5,120.0
4552,0.1,0.0,1.0,0.2,0.0,1.0,2048.0,1.0,2.0,0.01,128.0,1.0,0.2,0.0,1.0,1024.0,1.0,3.0,1.0,1.5,120.0
4587,0.1,128.0,1.0,0.2,0.0,1.0,2048.0,1.0,2.0,0.01,0.0,1.0,0.2,0.0,1.0,1024.0,1.0,3.0,1.0,1.5,120.0
4588,0.1,0.0,1.0,0.2,0.0,1.0,2048.0,1.0,2.0,0.01,128.0,1.0,0.2,0.0,1.0,1024.0,1.0,3.0,1.0,1.5,120.0
4600,0.1,0.0,1.0,0.2,0.0,1.0,2048.0,1.0,2.0,0.01,128.0,1.0,0.2,0.0,1.0,1024.0,1.0,3.0,1.0,1.5,120.0
4603,0.1,128.0,1.0,0.2,0.0,1.0,2048.0,1.0,2.0,0.01,0.0,1.0,0.2,0.0,1.0,1024.0,1.0,3.0,1.0,1.5,120.0
4604,0.1,0.0,1.0,0.2,0.0,1.0,2048.0,1.0,2.0,0.01,128.0,1.0,0.2,0.0,1.0,1024.0,1.0,3.0,1.0,1.5,120.0
4614,0.1,128.0,1.0,0.2,0.0,1.0,2048.0,1.0,2.0,0.01,0.0,1.0,0.2,0.0,1.0,1024.0,1.0,3.0,1.0,1.5,120.0
4615,0.1,0.0,1.0,0.2,0.0,1.0,2048.0,1.0,2.0,0.01,128.0,1.0,0.2,0.0,1.0,1024.0,1.0,3.0,1.0,1.5,120.0
4633,0.1,128.0,1.0,0.2,0.0,1.0,2048.0,1.0,2.0,0.01,0.0,1.0,0.2,0.0,1.0,1024.0,1.0,3.0,1.0,1.5,120.0
4634,0.1,0.0,1.0,0.2,0.0,1.0,2048.0,1.0,2.0,0.01,128.0,1.0,0.2,0.0,1.0,1024.0,1.0,3.0,1.0,1.5,120.0
4661,0.1,128.0,1.0,0.2,0.0,1.0,2048.0,1.0,2.0,0.01,0.0,1.0,0.2,0.0,1.0,1024.0,1.0,3.0,1.0,1.5,120.0
4662,0.1,0.0,1.0,0.2,0.0,1.0,2048.0,1.0,2.0,0.01,128.0,1.0,0.2,0.0,1.0,1024.0,1.0,3.0,1.0,1.5,120.0
4689,0.1,128.0,1.0,0.2,0.0,1.0,2048.0,1.0,2.0,0.01,0.0,1.0,0.2,0.0,1.0,1024.0,1.0,3.0,1.0,1.5,120.0
4690,0.1,0.0,1.0,0.2,0.0,1.0,2048.0,1.0,2.0,0.01,128.0,1.0,0.2,0.0,1.0,1024.0,1.0,3.0,1.0,1.5,120.0
4716,0.1,128.0,1.0,0.2,0.0,1.0,2048.0,1.0,2.0,0.01,0.0,1.0,0.2,0.0,1.0,1024.0,1.0,3.0,1.0,1.5,120.0
4717,0.1,0.0,1.0,0.2,0.0,1.0,2048.0,1.0,2.0,0.01,128.0,1.0,0.2,0.0,1.0,1024.0,1.0,3.0,1.0,1.5,120.0
4743,0.1,128.0,1.0,0.2,0.0,1.0,2048.0,1.0,2.0,0.01,0.0,1.0,0.2,0.0,1.0,1024.0,1.0,3.0,1.0,1.5,120.0
4744,0.1,0.0,1.0,0.2,0.0,1.0,2048.0,1.0,2.0,0.01,128.0,1.0,0.2,0.0,1.0,1024.0,1.0,3.0,1.0,1.5,120.0
4776,0.1,128.0,1.0,0.2,0.0,1.0,2048.0,1.0,2.0,0.01,0.0,1.0,0.2,0.0,1.0,1024.0,1.0,3.0,1.0,1.5,120.0
4777,0.1,0.0,1.0,0.2,0.0,1.0,2048.0,1.0,2.0,0.01,128.0,1.0,0.2,0.0,1.0,1024.0,1.0,3.0,1.0,1.5,120.0
4835,0.1,128.0,1.0,0.2,0.0,1.0,2048.0,1.0,2.0,0.01,0.0,1.0,0.2,0.0,1.0,1024.0,1.0,3.0,1.0,1.5,120.0
4836,0.1,0.0,1.0,0.2,0.0,1.0,2048.0,1.0,2.0,0.01,128.0,1.0,0.2,0.0,1.0,1024.0,1.0,3.0,1.0,1.5,120.0
4853,0.1,128.0,1.0,0.2,0.0,1.0,2048.0,1.0,2.0,0.01,0.0,1.0,0.2,0.0,1.0,1024.0,1.0,3.0,1.0,1.5,120.0
4854,0.1,0.0,1.0,0.2,0.0,1.0,2048.0,1.0,2.0,0.01,128.0,1.0,0.2,0.0,1.0,1024.0,1.0,3.0,1.0,1.5,120.0
4885,0.1,128.0,1.0,0.2,0.0,1.0,2048.0,1.0,2.0,0.01,0.0,1.0,0.2,0.0,1.0,1024.0,1.0,3.0,1.0,1.5,120.0
4886,0.1,0.0,1.0,0.2,0.0,1.0,2048.0,1.0,2.0,0.01,128.0,1.0,0.2,0.0,1.0,1024.0,1.0,3.0,1.0,1.5,120.0
4899,0.1,128.0,1.0,0.2,0.0,1.0,2048.0,1.0,2.0,0.01,0.0,1.0,0.2,0.0,1.0,1024.0,1.0,3.0,1.0,1.5,120.0
4900,0.1,0.0,1.0,0.2,0.0,1.0,2048.0,1.0,2.0,0.01,128.0,1.0,0.2,0.0,1.0,1024.0,1.0,3.0,1.0,1.5,120.0
4918,0.1,128.0,1.0,0.2,0.0,1.0,2048.0,1.0,2.0,0.01,0.0,1.0,0.2,0.0,1.0,1024.0,1.0,3.0,1.0,1.5,120.0
4919,0.1,0.0,1.0,0.2,0.0,1.0,2048.0,1.0,2.0,0.01,128.0,1.0,0.2,0.0,1.0,1024.0,1.0,3.0,1.0,1.5,120.0
4932,0.1,128.0,1.0,0.2,0.0,1.0,2048.0,1.0,2.0,0.01,0.0,1.0,0.2,0.0,1.0,1024.0,1.0,3.0,1.0,1.5,120.0
4933,0.1,0.0,1.0,0.2,0.0,1.0,2048.0,1.0,2.0,0.01,128.0,1.0,0.2,0.0,1.0,1024.0,1.0,3.0,1.0,1.5,120.0
4950,0.1,128.0,1.0,0.2,0.0,1.0,2048.0,1.0,2.0,0.01,0.0,1.0,0.2,0.0,1.0,1024.0,1.0,3.0,1.0,1.5,120.0
4951,0.1,0.0,1.0,0.2,0.0,1.0,2048.0,1.0,2.0,0.01,128.0,1.0,0.2,0.0,1.0,1024.0,1.0,3.0,1.0,1.5,120.0
4962,0.1,128.0,1.0,0.2,0.0,1.0,2048.0,1.0,2.0,0.01,0.0,1.0,0.2,0.0,1.0,1024.0,1.0,3.0,1.0,1.5,120.0
4963,0.1,0.0,1.0,0.2,0.0,1.0,2048.0,1.0,2.0,0.01,128.0,1.0,0.2,0.0,1.0,1024.0,1.0,3.0,1.0,1.5,120.0
4982,0.1,128.0,1.0,0.2,0.0,1.0,2048.0,1.0,2.0,0.01,0.0,1.0,0.2,0.0,1.0,1024.0,1.0,3.0,1.0,1.5,120.0
4983,0.1,0.0,1.0,0.2,0.0,1.0,2048.0,1.0,2.0,0.01,128.0,1.0,0.2,0.0,1.0,1024.0,1.0,3.0,1.0,1.5,120.0
4991,0.1,0.0,1.0,0.2,0.0,1.0,2048.0,1.0,2.0,0.01,128.0,1.0,0.2,0.0,1.0,1024.0,1.0,3.0,1.0,1.5,120.0
5066,0.1,128.0,1.0,0.2,0.0,1.0,2048.0,1.0,2.0,0.01,0.0,1.0,0.2,0.0,1.0,1024.0,1.0,3.0,1.0,1.5,120.0
5067,0.1,0.0,1.0,0.2,0.0,1.0,2048.0,1.0,2.0,0.01,128.0,1.0,0.2,0.0,1.0,1024.0,1.0,3.0,1.0,1.5,120.0
5070,0.1,128.0,1.0,0.2,0.0,1.0,2048.0,1.0,2.0,0.01,0.0,1.0,0.2,0.0,1.0,1024.0,1.0,3.0,1.0,1.5,120.0
5071,0.1,0.0,1.0,0.2,0.0,1.0,2048.0,1.0,2.0,0.01,128.0,1.0,0.2,0.0,1.0,1024.0,1.0,3.0,1.0,1.5,120.0
5087,0.1,128.0,1.0,0.2,0.0,1.0,2048.0,1.0,2.0,0.01,0.0,1.0,0.2,0.0,1.0,1024.0,1.0,3.0,1.0,1.5,120.0
5088,0.1,0.0,1.0,0.2,0.0,1.0,2048.0,1.0,2.0,0.01,128.0,1.0,0.2,0.0,1.0,1024.0,1.0,3.0,1.0,1.5,120.0
5096,0.1,128.0,1.0,0.2,0.0,1.0,2048.0,1.0,2.0,0.01,0.0,1.0,0.2,0.0,1.0,1024.0,1.0,3.0,1.0,1.5,120.0
5100,0.1,128.0,1.0,0.2,0.0,1.0,2048.0,1.0,2.0,0.01,0.0,1.0,0.2,0.0,1.0,1024.0,1.0,3.0,1.0,1.5,120.0
5102,0.1,128.0,1.0,0.2,0.0,1.0,2048.0,1.0,2.0,0.01,0.0,1.0,0.2,0.0,1.0,1024.0,1.0,3.0,1.0,1.5,120.0
5112,0.1,128.0,1.0,0.2,0.0,1.0,2048.0,1.0,2.0,0.01,0.0,1.0,0.2,0.0,1.0,1024.0,1.0,3.0,1.0,1.5,120.0
5113,0.1,0.0,1.0,0.2,0.0,1.0,2048.0,1.0,2.0,0.01,128.0,1.0,0.2,0.0,1.0,1024.0,1.0,3.0,1.0,1.5,120.0
5123,0.1,128.0,1.0,0.2,0.0,1.0,2048.0,1.0,2.0,0.01,0.0,1.0,0.2,0.0,1.0,1024.0,1.0,3.0,1.0,1.5,120.0
5124,0.1,0.0,1.0,0.2,0.0,1.0,2048.0,1.0,2.0,0.01,128.0,1.0,0.2,0.0,1.0,1024.0,1.0,3.0,1.0,1.5,120.0
5130,0.1,128.0,1.0,0.2,0.0,1.0,2048.0,1.0,2.0,0.01,0.0,1.0,0.2,0.0,1.0,1024.0,1.0,3.0,1.0,1.5,120.0
5131,0.1,0.0,1.0,0.2,0.0,1.0,2048.0,1.0,2.0,0.01,128.0,1.0,0.2,0.0,1.0,1024.0,1.0,3.0,1.0,1.5,120.0
5140,0.1,128.0,1.0,0.2,0.0,1.0,2048.0,1.0,2.0,0.01,0.0,1.0,0.2,0.0,1.0,1024.0,1.0,3.0,1.0,1.5,120.0
5141,0.1,0.0,1.0,0.2,0.0,1.0,2048.0,1.0,2.0,0.01,128.0,1.0,0.2,0.0,1.0,1024.0,1.0,3.0,1.0,1.5,120.0
5151,0.1,0.0,1.0,0.2,0.0,1.0,2048.0,1.0,2.0,0.01,128.0,1.0,0.2,0.0,1.0,1024.0,1.0,3.0,1.0,1.5,120.0
5167,0.1,128.0,1.0,0.2,0.0,1.0,2048.0,1.0,2.0,0.01,0.0,1.0,0.2,0.0,1.0,1024.0,1.0,3.0,1.0,1.5,120.0
5168,0.1,0.0,1.0,0.2,0.0,1.0,2048.0,1.0,2.0,0.01,128.0,1.0,0.2,0.0,1.0,1024.0,1.0,3.0,1.0,1.5,120.0
5205,0.1,128.0,1.0,0.2,0.0,1.0,2048.0,1.0,2.0,0.01,0.0,1.0,0.2,0.0,1.0,1024.0,1.0,3.0,1.0,1.5,120.0
5206,0.1,0.0,1.0,0.2,0.0,1.0,2048.0,1.0,2.0,0.01,128.0,1.0,0.2,0.0,1.0,1024.0,1.0,3.0,1.0,1.5,120.0
5235,0.1,128.0,1.0,0.2,0.0,1.0,2048.0,1.0,2.0,0.01,0.0,1.0,0.2,0.0,1.0,1024.0,1.0,3.0,1.0,1.5,120.0
5236,0.1,0.0,1.0,0.2,0.0,1.0,2048.0,1.0,2.0,0.01,128.0,1.0,0.2,0.0,1.0,1024.0,1.0,3.0,1.0,1.5,120.0
5248,0.1,128.0,1.0,0.2,0.0,1.0,2048.0,1.0,2.0,0.01,0.0,1.0,0.2,0.0,1.0,1024.0,1.0,3.0,1.0,1.5,120.0
5249,0.1,0.0,1.0,0.2,0.0,1.0,2048.0,1.0,2.0,0.01,128.0,1.0,0.2,0.0,1.0,1024.0,1.0,3.0,1.0,1.5,120.0
5258,0.1,128.0,1.0,0.2,0.0,1.0,2048.0,1.0,2.0,0.01,0.0,1.0,0.2,0.0,1.0,1024.0,1.0,3.0,1.0,1.5,120.0
5259,0.1,0.0,1.0,0.2,0.0,1.0,2048.0,1.0,2.0,0.01,128.0,1.0,0.2,0.0,1.0,1024.0,1.0,3.0,1.0,1.5,120.0
5276,0.1,128.0,1.0,0.2,0.0,1.0,2048.0,1.0,2.0,0.01,0.0,1.0,0.2,0.0,1.0,1024.0,1.0,3.0,1.0,1.5,120.0
5277,0.1,0.0,1.0,0.2,0.0,1.0,2048.0,1.0,2.0,0.01,128.0,1.0,0.2,0.0,1.0,1024.0,1.0,3.0,1.0,1.5,120.0
5302,0.1,128.0,1.0,0.2,0.0,1.0,2048.0,1.0,2.0,0.01,0.0,1.0,0.2,0.0,1.0,1024.0,1.0,3.0,1.0,1.5,120.0
5303,0.1,0.0,1.0,0.2,0.0,1.0,2048.0,1.0,2.0,0.01,128.0,1.0,0.2,0.0,1.0,1024.0,1.0,3.0,1.0,1.5,120.0
5315,0.1,128.0,1.0,0.2,0.0,1.0,2048.0,1.0,2.0,0.01,0.0,1.0,0.2,0.0,1.0,1024.0,1.0,3.0,1.0,1.5,120.0
5316,0.1,0.0,1.0,0.2,0.0,1.0,2048.0,1.0,2.0,0.01,128.0,1.0,0.2,0.0,1.0,1024.0,1.0,3.0,1.0,1.5,120.0
5325,0.1,128.0,1.0,0.2,0.0,1.0,2048.0,1.0,2.0,0.01,0.0,1.0,0.2,0.0,1.0,1024.0,1.0,3.0,1.0,1.5,120.0
5326,0.1,0.0,1.0,0.2,0.0,1.0,2048.0,1.0,2.0,0.01,128.0,1.0,0.2,0.0,1.0,1024.0,1.0,3.0,1.0,1.5,120.0
5364,0.1,128.0,1.0,0.2,0.0,1.0,2048.0,1.0,2.0,0.01,0.0,1.0,0.2,0.0,1.0,1024.0,1.0,3.0,1.0,1.5,120.0
5365,0.1,0.0,1.0,0.2,0.0,1.0,2048.0,1.0,2.0,0.01,128.0,1.0,0.2,0.0,1.0,1024.0,1.0,3.0,1.0,1.5,120.0
5413,0.1,128.0,1.0,0.2,0.0,1.0,2048.0,1.0,2.0,0.01,0.0,1.0,0.2,0.0,1.0,1024.0,1.0,3.0,1.0,1.5,120.0
5414,0.1,0.0,1.0,0.2,0.0,1.0,2048.0,1.0,2.0,0.01,128.0,1.0,0.2,0.0,1.0,1024.0,1.0,3.0,1.0,1.5,120.0
5457,0.1,128.0,1.0,0.2,0.0,1.0,2048.0,1.0,2.0,0.01,0.0,1.0,0.2,0.0,1.0,1024.0,1.0,3.0,1.0,1.5,120.0
5458,0.1,0.0,1.0,0.2,0.0,1.0,2048.0,1.0,2.0,0.01,128.0,1.0,0.2,0.0,1.0,1024.0,1.0,3.0,1.0,1.5,120.0
5477,0.1,128.0,1.0,0.2,0.0,1.0,2048.0,1.0,2.0,0.01,0.0,1.0,0.2,0.0,1.0,1024.0,1.0,3.0,1.0,1.5,120.0
5478,0.1,0.0,1.0,0.2,0.0,1.0,2048.0,1.0,2.0,0.01,128.0,1.0,0.2,0.0,1.0,1024.0,1.0,3.0,1.0,1.5,120.0
5498,0.1,128.0,1.0,0.2,0.0,1.0,2048.0,1.0,2.0,0.01,0.0,1.0,0.2,0.0,1.0,1024.0,1.0,3.0,1.0,1.5,120.0
5499,0.1,0.0,1.0,0.2,0.0,1.0,2048.0,1.0,2.0,0.01,128.0,1.0,0.2,0.0,1.0,1024.0,1.0,3.0,1.0,1.5,120.0
5552,0.1,128.0,1.0,0.2,0.0,1.0,2048.0,1.0,2.0,0.01,0.0,1.0,0.2,0.0,1.0,1024.0,1.0,3.0,1.0,1.5,120.0
5553,0.1,0.0,1.0,0.2,0.0,1.0,2048.0,1.0,2.0,0.01,128.0,1.0,0.2,0.0,1.0,1024.0,1.0,3.0,1.0,1.5,120.0
5575,0.1,128.0,1.0,0.2,0.0,1.0,2048.0,1.0,2.0,0.01,0.0,1.0,0.2,0.0,1.0,1024.0,1.0,3.0,1.0,1.5,120.0
5576,0.1,0.0,1.0,0.2,0.0,1.0,2048.0,1.0,2.0,0.01,128.0,1.0,0.2,0.0,1.0,1024.0,1.0,3.0,1.0,1.5,120.0
5599,0.1,128.0,1.0,0.2,0.0,1.0,2048.0,1.0,2.0,0.01,0.0,1.0,0.2,0.0,1.0,1024.0,1.0,3.0,1.0,1.5,120.0
5600,0.1,0.0,1.0,0.2,0.0,1.0,2048.0,1.0,2.0,0.01,128.0,1.0,0.2,0.0,1.0,1024.0,1.0,3.0,1.0,1.5,120.0
5650,0.1,128.0,1.0,0.2,0.0,1.0,2048.0,1.0,2.0,0.01,0.0,1.0,0.2,0.0,1.0,1024.0,1.0,3.0,1.0,1.5,120.0
5651,0.1,0.0,1.0,0.2,0.0,1.0,2048.0,1.0,2.0,0.01,128.0,1.0,0.2,0.0,1.0,1024.0,1.0,3.0,1.0,1.5,120.0
5690,0.1,128.0,1.0,0.2,0.0,1.0,2048.0,1.0,2.0,0.01,0.0,1.0,0.2,0.0,1.0,1024.0,1.0,3.0,1.0,1.5,120.0
5691,0.1,0.0,1.0,0.2,0.0,1.0,2048.0,1.0,2.0,0.01,128.0,1.0,0.2,0.0,1.0,1024.0,1.0,3.0,1.0,1.5,120.0
5728,0.1,128.0,1.0,0.2,0.0,1.0,2048.0,1.0,2.0,0.01,0.0,1.0,0.2,0.0,1.0,1024.0,1.0,3.0,1.0,1.5,120.0
5729,0.1,0.0,1.0,0.2,0.0,1.0,2048.0,1.0,2.0,0.01,128.0,1.0,0.2,0.0,1.0,1024.0,1.0,3.0,1.0,1.5,120.0
5751,0.1,128.0,1.0,0.2,0.0,1.0,2048.0,1.0,2.0,0.01,0.0,1.0,0.2,0.0,1.0,1024.0,1.0,3.0,1.0,1.5,120.0
5752,0.1,0.0,1.0,0.2,0.0,1.0,2048.0,1.0,2.0,0.01,128.0,1.0,0.2,0.0,1.0,1024.0,1.0,3.0,1.0,1.5,120.0
5761,0.1,128.0,1.0,0.2,0.0,1.0,2048.0,1.0,2.0,0.01,0.0,1.0,0.2,0.0,1.0,1024.0,1.0,3.0,1.0,1.5,120.0
5762,0.1,0.0,1.0,0.2,0.0,1.0,2048.0,1.0,2.0,0.01,128.0,1.0,0.2,0.0,1.0,1024.0,1.0,3.0,1.0,1.5,120.0
5776,0.1,128.0,1.0,0.2,0.0,1.0,2048.0,1.0,2.0,0.01,0.0,1.0,0.2,0.0,1.0,1024.0,1.0,3.0,1.0,1.5,120.0
5777,0.1,0.0,1.0,0.2,0.0,1.0,2048.0,1.0,2.0,0.01,128.0,1.0,0.2,0.0,1.0,1024.0,1.0,3.0,1.0,1.5,120.0
5790,0.1,128.0,1.0,0.2,0.0,1.0,2048.0,1.0,2.0,0.01,0.0,1.0,0.2,0.0,1.0,1024.0,1.0,3.0,1.0,1.5,120.0
5791,0.1,0.0,1.0,0.2,0.0,1.0,2048.0,1.0,2.0,0.01,128.0,1.0,0.2,0.0,1.0,1024.0,1.0,3.0,1.0,1.5,120.0
5806,0.1,128.0,1.0,0.2,0.0,1.0,2048.0,1.0,2.0,0.01,0.0,1.0,0.2,0.0,1.0,1024.0,1.0,3.0,1.0,1.5,120.0
5807,0.1,0.0,1.0,0.2,0.0,1.0,2048.0,1.0,2.0,0.01,128.0,1.0,0.2,0.0,1.0,1024.0,1.0,3.0,1.0,1.5,120.0
5816,0.1,128.0,1.0,0.2,0.0,1.0,2048.0,1.0,2.0,0.01,0.0,1.0,0.2,0.0,1.0,1024.0,1.0,3.0,1.0,1.5,120.0
5817,0.1,0.0,1.0,0.2,0.0,1.0,2048.0,1.0,2.0,0.01,128.0,1.0,0.2,0.0,1.0,1024.0,1.0,3.0,1.0,1.5,120.0
5832,0.1,128.0,1.0,0.2,0.0,1.0,2048.0,1.0,2.0,0.01,0.0,1.0,0.2,0.0,1.0,1024.0,1.0,3.0,1.0,1.5,120.0
5833,0.1,0.0,1.0,0.2,0.0,1.0,2048.0,1.0,2.0,0.01,128.0,1.0,0.2,0.0,1.0,1024.0,1.0,3.0,1.0,1.5,120.0
5842,0.1,128.0,1.0,0.2,0.0,1.0,2048.0,1.0,2.0,0.01,0.0,1.0,0.2,0.0,1.0,1024.0,1.0,3.0,1.0,1.5,120.0
5843,0.1,0.0,1.0,0.2,0.0,1.0,2048.0,1.0,2.0,0.01,128.0,1.0,0.2,0.0,1.0,1024.0,1.0,3.0,1.0,1.5,120.0
5852,0.1,128.0,1.0,0.2,0.0,1.0,2048.0,1.0,2.0,0.01,0.0,1.0,0.2,0.0,1.0,1024.0,1.0,3.0,1.0,1.5,120.0
5853,0.1,0.0,1.0,0.2,0.0,1.0,2048.0,1.0,2.0,0.01,128.0,1.0,0.2,0.0,1.0,1024.0,1.0,3.0,1.0,1.5,120.0
5891,0.1,128.0,1.0,0.2,0.0,1.0,2048.0,1.0,2.0,0.01,0.0,1.0,0.2,0.0,1.0,1024.0,1.0,3.0,1.0,1.5,120.0
5892,0.1,0.0,1.0,0.2,0.0,1.0,2048.0,1.0,2.0,0.01,128.0,1.0,0.2,0.0,1.0,1024.0,1.0,3.0,1.0,1.5,120.0
5945,0.1,128.0,1.0,0.2,0.0,1.0,2048.0,1.0,2.0,0.01,0.0,1.0,0.2,0.0,1.0,1024.0,1.0,3.0,1.0,1.5,120.0
5946,0.1,0.0,1.0,0.2,0.0,1.0,2048.0,1.0,2.0,0.01,128.0,1.0,0.2,0.0,1.0,1024.0,1.0,3.0,1.0,1.5,120.0
5990,0.1,128.0,1.0,0.2,0.0,1.0,2048.0,1.0,2.0,0.01,0.0,1.0,0.2,0.0,1.0,1024.0,1.0,3.0,1.0,1.5,120.0
5991,0.1,0.0,1.0,0.2,0.0,1.0,2048.0,1.0,2.0,0.01,128.0,1.0,0.2,0.0,1.0,1024.0,1.0,3.0,1.0,1.5,120.0
6069,0.1,128.0,1.0,0.2,0.0,1.0,2048.0,1.0,2.0,0.01,0.0,1.0,0.2,0.0,1.0,1024.0,1.0,3.0,1.0,1.5,120.0
6070,0.1,0.0,1.0,0.2,0.0,1.0,2048.0,1.0,2.0,0.01,128.0,1.0,0.2,0.0,1.0,1024.0,1.0,3.0,1.0,1.5,120.0
6141,0.1,128.0,1.0,0.2,0.0,1.0,2048.0,1.0,2.0,0.01,0.0,1.0,0.2,0.0,1.0,1024.0,1.0,3.0,1.0,1.5,120.0
6142,0.1,0.0,1.0,0.2,0.0,1.0,2048.0,1.0,2.0,0.01,128.0,1.0,0.2,0.0,1.0,1024.0,1.0,3.0,1.0,1.5,120.0
6204,0.1,128.0,1.0,0.2,0.0,1.0,2048.0,1.0,2.0,0.01,0.0,1.0,0.2,0.0,1.0,1024.0,1.0,3.0,1.0,1.5,120.0
6205,0.1,0.0,1.0,0.2,0.0,1.0,2048.0,1.0,2.0,0.01,128.0,1.0,0.2,0.0,1.0,1024.0,1.0,3.0,1.0,1.5,120.0
6234,0.1,128.0,1.0,0.2,0.0,1.0,2048.0,1.0,2.0,0.01,0.0,1.0,0.2,0.0,1.0,1024.0,1.0,3.0,1.0,1.5,120.0
6235,0.1,0.0,1.0,0.2,0.0,1.0,2048.0,1.0,2.0,0.01,128.0,1.0,0.2,0.0,1.0,1024.0,1.0,3.0,1.0,1.5,120.0
6296,0.1,128.0,1.0,0.2,0.0,1.0,2048.0,1.0,2.0,0.01,0.0,1.0,0.2,0.0,1.0,1024.0,1.0,3.0,1.0,1.5,120.0
6297,0.1,0.0,1.0,0.2,0.0,1.0,2048.0,1.0,2.0,0.01,128.0,1.0,0.2,0.0,1.0,1024.0,1.0,3.0,1.0,1.5,120.0
6326,0.1,128.0,1.0,0.2,0.0,1.0,2048.0,1.0,2.0,0.01,0.0,1.0,0.2,0.0,1.0,1024.0,1.0,3.0,1.0,1.5,120.0
6397,0.1,128.0,1.0,0.2,0.0,1.0,2048.0,1.0,2.0,0.01,0.0,1.0,0.2,0.0,1.0,1024.0,1.0,3.0,1.0,1.5,120.0
6398,0.1,0.0,1.0,0.2,0.0,1.0,2048.0,1.0,2.0,0.01,128.0,1.0,0.2,0.0,1.0,1024.0,1.0,3.0,1.0,1.5,120.0
6479,0.1,128.0,1.0,0.2,0.0,1.0,2048.0,1.0,2.0,0.01,0.0,1.0,0.2,0.0,1.0,1024.0,1.0,3.0,1.0,1.5,120.0
6480,0.1,0.0,1.0,0.2,0.0,1.0,2048.0,1.0,2.0,0.01,128.0,1.0,0.2,0.0,1.0,1024.0,1.0,3.0,1.0,1.5,120.0
6559,0.1,128.0,1.0,0.2,0.0,1.0,2048.0,1.0,2.0,0.01,0.0,1.0,0.2,0.0,1.0,1024.0,1.0,3.0,1.0,1.5,120.0
6560,0.1,0.0,1.0,0.2,0.0,1.0,2048.0,1.0,2.0,0.01,128.0,1.0,0.2,0.0,1.0,1024.0,1.0,3.0,1.0,1.5,120.0
6639,0.1,128.0,1.0,0.2,0.0,1.0,2048.0,1.0,2.0,0.01,0.0,1.0,0.2,0.0,1.0,1024.0,1.0,3.0,1.0,1.5,120.0
6640,0.1,0.0,1.0,0.2,0.0,1.0,2048.0,1.0,2.0,0.01,128.0,1.0,0.2,0.0,1.0,1024.0,1.0,3.0,1.0,1.5,120.0
