,x,y,cluster,type
0,-1.46816,17.361506,0,OK
2,-1.4386224,17.388115,0,OK
4,4.342074,15.462805,-1,OK
5,4.3277597,15.500823,-1,OK
34,3.5062904,16.113651,-1,OK
35,7.318835,-8.01392,-1,OK
36,4.5850863,15.888698,-1,OK
37,4.575469,15.841487,-1,OK
38,4.4971247,15.815172,-1,OK
125,23.122547,-8.080164,1,OK
126,23.10626,-8.05792,1,OK
127,23.146456,-8.086755,1,OK
128,23.126516,-8.07917,1,OK
130,23.136612,-8.083311,1,OK
131,23.152416,-8.105352,1,OK
132,23.13673,-8.045521,1,OK
133,23.109161,-8.037202,1,OK
134,23.12279,-8.070242,1,OK
135,23.123045,-8.0672455,1,OK
136,23.118992,-8.102135,1,OK
137,23.138773,-8.051324,1,OK
138,23.111,-8.053332,1,OK
148,-1.453773,17.369987,0,OK
150,-1.4842302,17.358376,0,OK
152,3.5972772,16.065855,-1,OK
154,2.6802895,15.613767,-1,OK
156,2.635402,15.601201,-1,OK
158,2.6357682,15.598115,-1,OK
160,2.6303668,15.583776,-1,OK
162,2.685882,15.655096,-1,OK
164,4.8846655,15.877925,-1,OK
166,4.900162,15.873888,-1,OK
168,4.8667994,15.873634,-1,OK
170,4.3361287,15.713841,-1,OK
188,-1.4669731,17.362593,0,OK
190,4.2496657,15.874968,-1,OK
192,4.3118515,15.826083,-1,OK
194,4.2642508,15.860586,-1,OK
196,4.3427076,15.8544655,-1,OK
220,-1.4411172,17.388987,0,OK
221,-1.4544755,17.375118,0,OK
223,4.833305,15.871041,-1,OK
225,-2.6286054,-4.748533,-1,OK
227,3.5122304,16.398632,4,OK
282,2.6194797,15.350496,-1,OK
283,2.4504933,15.438397,2,OK
284,2.4259603,15.4170685,2,OK
288,2.468301,15.453307,2,OK
289,7.2773685,-7.97166,3,OK
290,7.3089433,-8.001641,3,OK
295,7.30246,-7.996517,3,OK
296,7.309198,-8.003899,3,OK
297,7.3254595,-8.0196085,3,OK
298,7.3044033,-7.9989266,3,OK
300,3.7564871,15.727953,-1,OK
306,4.1490765,15.91691,-1,OK
311,3.7726893,15.840724,-1,OK
316,4.2072906,15.63077,-1,OK
321,4.8610907,15.853773,-1,OK
326,3.7548063,15.261237,-1,OK
345,2.4657123,15.452467,2,OK
346,7.2822056,-7.9769454,3,OK
349,3.425812,16.335104,4,OK
353,3.4276953,16.374277,4,OK
357,3.4399502,16.28736,4,OK
362,3.4799175,16.345074,4,OK
363,3.4675395,16.339863,4,OK
364,3.4701579,16.342869,4,OK
368,3.4717824,16.296215,4,OK
372,3.3829036,16.316286,4,OK
375,3.7717366,15.294746,5,OK
379,3.7012594,15.291059,-1,OK
382,3.7502055,15.263792,-1,OK
386,3.6922188,15.27591,-1,OK
406,2.437798,15.449663,2,OK
407,2.4196076,15.423015,2,OK
408,2.4121683,15.413001,2,OK
409,6.5334716,-6.688838,-1,OK
410,6.554425,-6.6649113,-1,OK
411,6.525752,-6.7040577,-1,OK
412,6.5064826,-6.7216954,-1,OK
413,6.538137,-6.691056,-1,OK
414,6.548816,-6.680272,-1,OK
415,6.5401664,-6.6881366,-1,OK
416,6.5159197,-6.717105,-1,OK
417,6.5116286,-6.7162647,-1,OK
418,6.5120773,-6.713831,-1,OK
420,-1.4338125,17.393753,0,OK
421,-1.4453554,17.387264,0,OK
422,-1.5014397,17.331415,0,OK
430,4.0806627,16.37192,-1,OK
433,3.436006,16.54096,-1,OK
435,3.4975412,16.53048,-1,OK
438,3.5664508,16.609343,-1,OK
439,3.525079,16.578568,-1,OK
441,4.0014157,16.301916,-1,OK
444,3.9724414,16.016312,-1,OK
447,4.034928,16.031103,-1,OK
449,4.1434,15.494489,5,OK
452,4.139026,15.328788,5,OK
455,4.246414,15.306826,-1,OK
490,-4.701351,-0.4760895,-1,OK
491,2.5322185,15.443394,-1,OK
493,4.241557,16.472313,-1,OK
495,4.521796,16.688238,-1,OK
497,4.5500546,16.680874,-1,OK
499,4.511306,16.692936,-1,OK
501,4.3857713,16.603472,-1,OK
504,4.5358877,16.700884,-1,OK
506,4.535124,16.699938,-1,OK
510,4.5518823,16.710634,-1,OK
513,4.5636387,16.724352,-1,OK
517,-7.478175,13.407735,-1,OK
551,-1.9794017,1.7996459,-1,OK
553,2.4507544,15.44856,2,OK
556,-1.4815199,17.359251,0,OK
562,2.5437114,15.540551,-1,OK
564,4.008519,16.019175,-1,OK
566,-4.59891,0.8147154,-1,OK
569,4.00997,16.075258,-1,OK
571,4.0616775,16.34748,-1,OK
573,3.678781,16.612854,-1,OK
575,3.6710734,16.57105,-1,OK
576,4.0732484,16.07793,-1,OK
578,4.069414,16.323595,-1,OK
579,4.160399,16.49322,-1,OK
581,4.1129313,15.978601,-1,OK
583,4.141355,15.423935,5,OK
585,3.9870026,15.320421,5,OK
587,4.1514406,15.424207,5,OK
589,4.02931,15.355375,5,OK
591,4.1770587,15.414422,5,OK
593,4.0323696,15.339511,5,OK
597,4.2824793,15.233247,-1,OK
598,4.2829094,15.227103,-1,OK
599,4.2334533,15.241439,-1,OK
602,4.24255,15.207863,-1,OK
604,3.9376364,15.406666,5,OK
633,23.192604,-8.684704,6,OK
634,23.21235,-8.629422,6,OK
635,23.177095,-8.456071,6,OK
661,4.2921906,16.493395,-1,OK
662,-7.492568,18.686026,-1,OK
663,6.559549,-6.675981,-1,OK
668,2.5035465,15.433337,2,OK
669,2.5074263,15.47259,2,OK
675,3.5615478,16.333822,-1,OK
677,3.6061966,16.315413,-1,OK
679,3.8492732,16.152523,-1,OK
681,3.5212743,16.286402,4,OK
683,3.481759,16.308823,-1,OK
685,3.5753233,16.335537,-1,OK
687,3.6457949,16.041689,-1,OK
688,-7.4919534,18.645557,-1,OK
692,-7.474373,18.642296,-1,OK
697,4.0614324,16.044815,-1,OK
700,4.0452046,16.264889,-1,OK
703,3.8092036,15.322448,5,OK
705,3.7508159,15.282578,-1,OK
707,4.220649,15.692503,-1,OK
712,4.1702986,16.346655,-1,OK
714,-7.344634,13.308548,-1,OK
718,-7.156308,13.133564,-1,OK
772,-13.214623,-4.0198264,-1,OK
773,6.5409102,-6.71906,-1,OK
774,6.5278406,-6.698411,-1,OK
775,-7.482211,18.68607,-1,OK
778,-1.4532299,17.312452,-1,OK
782,-1.5123286,17.380037,0,OK
783,3.550444,16.59958,-1,OK
788,4.270943,16.562588,-1,OK
791,4.175424,16.516176,-1,OK
792,-7.584812,18.927683,-1,OK
793,-7.5828404,18.924261,-1,OK
794,-7.6000514,18.912664,-1,OK
795,-4.461541,0.6077022,-1,OK
797,-4.4848504,0.5708488,-1,OK
798,-7.595403,18.915241,-1,OK
799,-7.5923953,18.902885,-1,OK
800,-1.5650102,0.70714617,8,OK
802,3.9066489,15.965273,-1,OK
803,-1.9044487,1.8321965,-1,OK
805,4.124785,15.382048,5,OK
808,4.0877337,15.912745,-1,OK
811,4.1679883,15.789462,-1,OK
813,4.275957,15.23047,-1,OK
815,4.1031766,15.281451,5,OK
817,4.0929737,15.403428,5,OK
820,4.276992,15.298501,-1,OK
821,4.108145,16.150412,-1,OK
881,-13.372251,-3.8893056,-1,OK
882,-1.0204263,2.3148909,-1,OK
883,-1.053881,2.230872,-1,OK
884,-13.3565445,-4.003272,-1,OK
886,-1.1012089,2.1431406,-1,OK
888,-1.1393623,2.120588,-1,OK
890,-1.1259873,2.134524,-1,OK
891,-1.109242,2.1370962,-1,OK
892,7.13254,-7.7927537,-1,OK
893,7.162385,-7.8291636,-1,OK
894,7.1632867,-7.829425,-1,OK
895,7.1237545,-7.787653,-1,OK
896,-1.2486256,1.1428407,-1,OK
914,-3.3634226,1.4832269,-1,OK
918,-3.0380442,2.6375697,-1,OK
920,-7.37178,18.542953,-1,OK
921,-7.398958,18.55679,-1,OK
922,-2.7026117,2.4491773,-1,OK
923,-4.442965,0.7451045,-1,OK
925,-2.9647288,2.6962805,-1,OK
927,-1.4315073,2.4445949,-1,OK
933,-1.0746849,2.2875953,-1,OK
937,2.34249,-0.11009228,-1,OK
939,-1.5402166,2.5866623,-1,OK
941,-1.5550021,2.634854,-1,OK
943,-1.6242298,2.523831,-1,OK
944,-4.215573,1.6355255,-1,OK
946,-4.2012057,1.6040559,-1,OK
980,-2.1155858,1.7852945,-1,OK
982,-7.516298,18.715006,-1,OK
984,-4.477764,1.0027473,10,OK
987,-4.3081336,0.66981816,-1,OK
990,-4.3509665,0.85413474,-1,OK
992,-4.43888,0.80115896,11,OK
997,-4.0421844,2.3974223,-1,OK
999,-4.2660623,1.0542126,-1,OK
1002,-4.2234993,1.7305431,-1,OK
1084,-1.9962356,1.7144673,-1,OK
1085,-4.6566296,-0.42970166,-1,OK
1086,-4.181572,0.7928454,-1,OK
1087,-4.641982,-0.41228592,-1,OK
1088,-4.6821103,-0.45397916,-1,OK
1089,-4.63027,-0.39985994,-1,OK
1097,-12.898247,-5.4899426,-1,OK
1098,-12.89579,-5.491767,-1,OK
1099,1.325246,0.31915691,-1,OK
1100,-4.407798,-0.19868398,-1,OK
1102,-13.180126,-4.1771774,-1,OK
1103,-4.5644026,-0.34560746,-1,OK
1104,1.3640087,0.3061658,-1,OK
1107,-12.897814,-5.4931087,-1,OK
1117,-13.157739,-4.246852,-1,OK
1120,-3.8806334,0.8528834,10,OK
1122,1.3310502,0.32142916,-1,OK
1123,1.356292,0.3108301,-1,OK
1124,1.4000715,0.28076345,-1,OK
1130,-1.6312611,0.5948953,8,OK
1132,-1.6298451,0.6176344,8,OK
1150,-13.125746,-4.175557,-1,OK
1152,-4.5323977,-0.3130299,-1,OK
1154,-4.572245,-0.34851667,-1,OK
1156,-4.5369215,-0.3228905,-1,OK
1158,-4.4163156,-0.21540394,-1,OK
1160,-3.0336473,-5.0420046,-1,OK
1163,-4.3746524,-0.19245507,-1,OK
1165,-4.4041743,-0.21045008,-1,OK
1166,-4.36655,-0.20173265,-1,OK
1168,-3.0854893,2.6364915,-1,OK
1170,-2.5710654,2.7171137,15,OK
1176,-4.558276,1.3529104,-1,OK
1177,-7.487926,13.444707,-1,OK
1178,-6.619453,12.610952,7,OK
1180,-1.8300023,1.1434565,8,OK
1194,-4.5037637,0.9789174,11,OK
1195,-4.1765904,0.12925625,-1,OK
1196,-4.501626,-0.30229035,-1,OK
1198,-2.9564981,-4.999165,9,OK
1200,-4.0485573,0.33429363,10,OK
1202,-2.8260984,-4.874569,9,OK
1204,-4.4801583,1.4801241,10,OK
1206,-2.6092978,-4.75794,9,OK
1208,-4.481465,0.9777425,11,OK
1210,-4.4001374,0.8632107,11,OK
1211,-11.481667,2.2443433,12,OK
1213,0.7557885,1.7291505,13,OK
1215,-10.981187,2.6656137,12,OK
1217,0.73551315,1.7364908,13,OK
1219,-6.8761263,12.864603,7,OK
1221,0.6808068,1.5708137,13,OK
1223,-7.244921,13.220476,7,OK
1225,0.65692586,1.2301607,13,OK
1238,-3.9497113,1.0232989,10,OK
1240,-3.6636324,1.169082,-1,OK
1242,-3.669208,1.1879014,-1,OK
1243,-3.5183902,-4.9127755,-1,OK
1245,-3.5083306,-4.9201307,-1,OK
1246,-3.5080988,-4.9047127,-1,OK
1247,-3.5631726,-4.879384,-1,OK
1248,-11.440738,2.273748,12,OK
1250,0.65475696,1.2213322,13,OK
1251,-2.6089544,-4.757668,9,OK
1252,-2.5999117,-4.7607307,9,OK
1254,-4.007168,0.63553756,10,OK
1255,-3.9969866,0.61851877,10,OK
1256,-4.078247,0.5547553,10,OK
1258,-6.6723104,12.6636715,7,OK
1260,-1.8244263,1.1414375,8,OK
1262,-11.052928,2.5971634,12,OK
1264,0.69434136,1.6547948,13,OK
1266,-11.396873,2.315147,12,OK
1268,-1.9329067,-0.044886295,14,OK
1292,-4.0596538,0.26771578,10,OK
1294,-2.8958821,-4.947006,9,OK
1298,-4.024975,0.33939913,10,OK
1300,-2.9842582,-5.020625,9,OK
1302,-7.48883,13.447289,7,OK
1304,-1.8393738,1.118096,8,OK
1306,-7.277823,13.250795,7,OK
1308,0.68471414,1.6633871,13,OK
1310,-11.390126,2.3220718,12,OK
1312,-1.8972578,0.002607119,14,OK
1314,-11.471461,2.2263885,12,OK
1316,0.45536646,1.0052325,13,OK
1329,-4.064759,0.84081864,10,OK
1330,-4.3913665,-0.19135034,-1,OK
1332,-2.9983308,-5.0161457,9,OK
1334,-3.9337308,0.83006805,10,OK
1336,-3.5917468,1.2866068,-1,OK
1338,-3.2261856,2.1289384,-1,OK
1340,-3.5087757,1.4277884,-1,OK
1342,0.36232698,0.93722254,13,OK
1343,0.6682103,1.198193,13,OK
1345,-11.428521,2.288081,12,OK
1347,0.66226375,1.2529801,13,OK
1349,-11.462319,2.245581,12,OK
1351,-1.6939878,0.959573,8,OK
1353,-7.34615,13.317267,7,OK
1355,0.32956702,0.8571459,13,OK
1357,-7.4455857,13.405067,7,OK
1359,-7.4823914,13.472008,-1,OK
1397,-0.9632613,2.4528823,-1,OK
1398,-0.9453399,2.4778166,-1,OK
1399,-1.1279761,2.117153,-1,OK
1401,-3.259301,2.1368353,-1,OK
1403,-3.2514062,2.1202261,-1,OK
1405,-3.6006951,1.3366004,-1,OK
1407,-3.716762,1.0527691,-1,OK
1409,-3.882927,-1.070832,-1,OK
1411,-3.9931405,0.5338779,10,OK
1413,-2.8146737,-4.8998475,-1,OK
1415,-4.139303,0.15040332,-1,OK
1417,-2.7724154,-4.8841915,-1,OK
1419,0.40062574,0.96176535,13,OK
1421,-11.104276,2.553427,12,OK
1422,-11.064279,2.5860343,12,OK
1424,-1.9289345,-0.059642084,14,OK
1426,-11.486708,2.2257118,12,OK
1428,-1.7424178,1.0340965,8,OK
1430,-7.2856603,13.257989,7,OK
1432,0.35779792,0.9293697,13,OK
1434,0.34636483,0.89066017,13,OK
1458,-13.188399,-4.2883015,-1,OK
1459,-4.020918,0.6728349,10,OK
1461,-2.826991,-4.8959913,9,OK
1463,-4.204583,0.5138662,11,OK
1465,-2.8181467,-4.8849087,9,OK
1467,-2.3695643,2.5214024,15,OK
1468,-6.6023984,12.594072,7,OK
1470,-1.8529749,1.1757737,8,OK
1472,-2.32959,2.4967504,15,OK
1474,-2.61586,2.8405728,15,OK
1481,-6.9530716,12.939165,7,OK
1483,0.6703364,1.3043199,13,OK
1495,-3.6938384,2.5584266,-1,OK
1496,-3.7207882,2.597018,-1,OK
1498,-3.4630365,1.4555066,-1,OK
1500,-3.2007754,2.0908787,-1,OK
1501,-4.0691004,1.161582,10,OK
1503,-4.0332966,0.4655812,10,OK
1505,-2.9187024,-4.958913,9,OK
1509,0.45352954,0.98477685,13,OK
1511,-11.482521,2.2331533,12,OK
1513,-1.933179,-0.047818556,14,OK
1525,-4.35342,0.7386482,11,OK
1527,-3.0361962,-5.0658116,9,OK
1529,-4.231903,0.0022964594,10,OK
1531,-2.9829993,-5.0050035,9,OK
1532,-3.0218248,-5.038242,9,OK
1533,-3.0238001,-5.03866,9,OK
1534,-11.447367,2.2229648,-1,OK
1536,-1.8039405,0.43139315,-1,OK
1538,-7.521738,13.470735,-1,OK
1540,0.66902506,1.6438007,13,OK
1542,-7.247236,13.222019,7,OK
1544,-1.7966883,1.1397523,8,OK
1546,-7.3365145,13.3056755,7,OK
1548,-1.612759,0.7495298,8,OK
1550,-7.4188824,13.3849535,7,OK
1552,0.3009626,0.8904857,13,OK
1554,-4.648422,-0.43102264,-1,OK
1556,0.2964301,0.92633086,13,OK
1569,-4.558156,-0.31734997,-1,OK
1571,-11.335041,2.3379114,-1,OK
1574,-4.2175145,0.054811742,10,OK
1576,-4.4313884,0.37118804,-1,OK
1578,-3.911145,0.7037522,10,OK
1580,-1.0576832,1.7095546,-1,OK
1582,-4.268286,1.3899332,10,OK
1584,-4.3146477,-0.1544884,-1,OK
1586,-3.8717391,0.9448157,-1,OK
1588,-1.5918789,0.71115506,8,OK
1589,-1.871555,1.1191677,8,OK
1591,-1.6561604,0.8883896,8,OK
1593,-1.7177815,1.0865782,8,OK
1594,-1.7644247,1.1365013,8,OK
1596,-2.3223283,2.599251,15,OK
1598,-2.0603433,2.485405,-1,OK
1600,-1.5587976,2.6061962,-1,OK
1602,-2.4232728,2.5366595,15,OK
1604,-1.8441674,1.213724,8,OK
1606,-1.8229297,1.9812509,-1,OK
1608,-2.3246825,2.4955015,15,OK
1610,-1.7592252,1.1647171,8,OK
1612,-2.0506802,2.5782723,15,OK
1614,-2.0740457,2.4392593,15,OK
1616,-1.8398336,1.1252571,8,OK
1618,-1.2827418,3.066236,-1,OK
1619,-3.5061328,2.3944676,-1,OK
1621,-2.0023181,2.1247206,-1,OK
1623,-1.8674042,1.156953,8,OK
1683,0.49425521,1.0400076,13,OK
1685,-6.901475,12.8893385,7,OK
1687,0.7177057,1.7096342,13,OK
1689,-6.721013,12.712095,7,OK
1690,-6.730038,12.72089,7,OK
1692,-1.9547865,-0.08315794,14,OK
1694,-11.01591,2.631912,12,OK
1695,0.7496134,1.7373935,13,OK
1697,-11.026039,2.6217644,12,OK
1699,0.7476374,1.7395692,13,OK
1700,-6.8678083,12.855861,7,OK
1702,-7.004767,12.989754,7,OK
1715,-1.4646782,17.314045,-1,OK
1717,-3.2512133,2.0899768,-1,OK
1719,-3.466078,1.4646574,-1,OK
1721,-4.441803,1.4698294,10,OK
1723,-2.5837092,-4.7138515,9,OK
1725,-4.115369,0.9235162,10,OK
1727,-2.6073394,-4.7618756,9,OK
1729,-4.4661107,1.4652702,10,OK
1730,-4.025873,0.7789051,10,OK
1731,-4.081159,0.7584227,10,OK
1732,0.39953727,0.954742,13,OK
1734,-6.791527,12.781363,7,OK
1736,0.7360148,1.4697036,13,OK
1738,-7.00923,12.993977,7,OK
1740,-1.9151927,-0.0069266777,14,OK
1742,-11.507262,2.2225103,12,OK
1744,0.59086835,1.1277176,13,OK
1746,-11.502101,2.2539077,12,OK
1774,-1.3638994,2.0230699,-1,OK
1775,-1.3266965,2.0323048,-1,OK
1776,0.0863835,4.376113,-1,OK
1778,-3.4698262,1.4405066,-1,OK
1780,-3.2021344,2.0966542,-1,OK
1781,-3.6101522,1.2648162,-1,OK
1783,-1.4948194,1.5992352,-1,OK
1785,-11.088808,2.5630841,12,OK
1787,-1.8359853,0.23273787,14,OK
1789,-11.408119,2.303463,12,OK
1791,0.62882996,1.1657263,13,OK
1793,1.8830992,7.519047,-1,OK
1795,-1.9654723,-0.108810626,14,OK
1797,-4.477299,1.4885963,10,OK
1801,-6.7671566,12.7574,7,OK
1803,-4.5011916,1.4380686,10,OK
1805,-2.5511928,-4.753241,9,OK
1807,-6.721201,12.711963,7,OK
1808,-6.617325,12.608826,7,OK
1809,-6.6179657,12.60946,7,OK
1831,-3.5963974,-4.921144,-1,OK
1833,-3.589035,-4.8907814,-1,OK
1835,-3.5507555,-4.8619175,-1,OK
1837,-4.586388,1.267073,-1,OK
1840,-2.5781226,-4.76813,9,OK
1842,-4.4824457,1.4476956,10,OK
1844,-2.576625,-4.7755604,9,OK
1846,-4.540376,1.3375158,-1,OK
1849,0.74780065,1.7417836,13,OK
1852,-6.6180696,12.609398,7,OK
1854,0.76654154,1.7311813,13,OK
1857,-11.017604,2.6283143,12,OK
1859,-1.926242,-0.06470356,14,OK
1861,-11.050731,2.598672,12,OK
1863,0.7409028,1.6887866,13,OK
1881,-1.533867,2.6235585,-1,OK
1894,-11.16015,2.494277,-1,OK
1896,-11.343816,2.3386977,-1,OK
1898,-11.09685,2.5482702,-1,OK
1903,-11.105105,2.543415,-1,OK
1905,-4.4552245,-0.08759101,-1,OK
1907,-3.3220084,-4.969551,-1,OK
1908,-3.3617942,-4.9636774,-1,OK
1910,-2.0075402,-0.14332947,-1,OK
1912,-1.0214727,2.661355,-1,OK
1914,-0.958971,2.629508,-1,OK
1915,-4.370096,-0.2309958,-1,OK
1916,-3.066897,2.2314765,-1,OK
1918,-2.1839411,2.1292963,-1,OK
1920,-1.5345602,2.3797982,-1,OK
1922,-0.9923525,2.4736454,-1,OK
1924,-3.0401769,2.634511,-1,OK
1926,-1.496069,2.0668237,-1,OK
1928,-1.4836621,2.0039346,-1,OK
1930,-1.4751592,1.9852014,-1,OK
1932,0.060002,1.2878597,-1,OK
1934,0.32756248,1.7663708,-1,OK
1936,-3.3335087,2.666558,-1,OK
1937,-3.1557844,2.6840687,-1,OK
1939,-2.1739244,2.5149624,-1,OK
1941,-3.1248071,2.7599268,-1,OK
1943,-1.3536965,2.9324589,-1,OK
1972,2.664133,15.618535,-1,OK
1974,-4.384972,1.3443084,-1,OK
1976,-4.3342357,1.0345466,-1,OK
1979,-3.52305,-4.8833027,-1,OK
1980,-4.6347427,0.9812082,-1,OK
1981,-4.6013627,1.0026414,-1,OK
1984,-4.6459703,1.06711,-1,OK
1986,-3.99302,0.9485102,10,OK
1988,-4.428274,0.6709692,11,OK
1990,-3.5231159,-4.8876333,-1,OK
1992,-1.8681372,0.17867206,14,OK
1994,-1.979495,-0.1161659,-1,OK
1995,-7.5349483,19.461493,-1,OK
1997,-3.5544975,-4.8991075,-1,OK
1999,-4.3785753,2.6415517,-1,OK
2001,-3.875001,0.57119024,-1,OK
2003,2.1727915,-0.05505967,-1,OK
2005,-1.7011346,0.48180708,-1,OK
2008,-3.113074,2.7706614,-1,OK
2012,-1.3683412,2.8974333,-1,OK
2033,-2.4190948,1.6350971,-1,OK
2035,-4.192663,1.8834931,-1,OK
2037,-4.032653,1.021947,-1,OK
2039,-4.1089964,2.3598297,-1,OK
2042,-4.292453,0.6544612,-1,OK
2044,-3.88664,3.277038,16,OK
2046,-3.8642216,3.2517686,16,OK
2048,-3.8981001,3.179268,16,OK
2050,-2.012715,1.8080695,-1,OK
2052,-3.8947232,3.2239313,16,OK
2054,-3.8586411,2.7799873,16,OK
2058,-3.8330777,2.7876663,16,OK
2060,-3.8840144,3.2259958,16,OK
2062,-3.891826,2.7683387,16,OK
2066,-4.030686,2.65885,16,OK
2068,-4.03252,2.6548617,16,OK
2070,-4.436929,2.6725538,-1,OK
2072,-4.345791,2.6391332,-1,OK
2075,-4.382482,2.64494,-1,OK
2076,-4.313411,2.357251,-1,OK
2078,-2.0290558,-0.24408022,-1,OK
2080,-3.8684525,0.12090014,-1,OK
2082,-3.163016,2.783271,-1,OK
2084,-3.0473437,2.883028,-1,OK
2086,-4.3342752,2.6429446,-1,OK
2088,-4.4453006,2.6756024,-1,OK
2105,3.1398356,15.07375,-1,OK
2106,3.055204,15.756945,-1,OK
2108,3.4751499,15.8962555,-1,OK
2110,-3.9072216,3.218186,16,OK
2112,-3.8360524,3.3089247,16,OK
2114,-3.8863099,3.2413473,16,OK
2116,-1.9404632,1.7615265,-1,OK
2118,-3.9132457,3.2119372,16,OK
2120,-3.8675795,3.2794497,16,OK
2122,-3.8962202,3.2453136,16,OK
2124,-3.8339517,2.8000958,16,OK
2126,-3.8511732,2.777739,-1,OK
2128,-3.8833315,2.7020957,16,OK
2130,-3.7800972,2.750096,16,OK
2131,-7.475545,18.591354,-1,OK
2133,-3.825989,2.789897,16,OK
2137,-0.12906197,1.1918365,-1,OK
2140,0.16891022,1.271907,-1,OK
2142,-3.1898081,2.760866,-1,OK
2144,-3.2372344,2.8024006,-1,OK
2146,-4.4345756,2.7067792,-1,OK
2148,-4.4411383,2.680527,-1,OK
2150,-3.8132446,0.11109361,-1,OK
2152,-4.469515,2.6798942,-1,OK
2155,-3.2161484,2.7381737,-1,OK
2158,-3.0277534,2.9138126,-1,OK
2189,-1.2849351,2.727847,-1,OK
2190,-1.2881258,2.9317594,-1,OK
2191,-3.7987876,0.16150936,-1,OK
2192,-7.3972754,19.245056,-1,OK
2203,2.2099688,-0.05826563,-1,OK
2205,-1.5622774,1.7077252,-1,OK
2207,1.8581376,0.099240534,-1,OK
2209,-1.5805608,1.6691732,-1,OK
2211,-1.4381627,2.7442336,-1,OK
2212,-0.96678454,2.552537,-1,OK
2213,-0.9780833,2.5524323,-1,OK
2214,-3.939099,0.31670186,-1,OK
2216,-1.502386,2.798838,-1,OK
2218,-1.3016487,2.9638982,-1,OK
2220,-1.0746305,2.7596674,-1,OK
2222,-3.8727946,0.11782723,-1,OK
2266,-1.4611098,2.6520557,-1,OK
2267,0.06998641,4.620804,-1,OK
2268,0.1061207,4.6497087,-1,OK
2269,-4.564402,0.73383355,-1,OK
2271,-4.546362,0.71344894,-1,OK
2273,-1.51689,0.70506936,8,OK
2274,-1.6972474,1.0052769,8,OK
2275,2.0127103,-0.00025313895,-1,OK
2276,2.0348692,-0.013060861,-1,OK
2277,2.0223174,-0.010305236,-1,OK
2279,-11.089346,9.067059,-1,OK
2281,0.4363798,1.6475303,-1,OK
2283,-11.178438,8.977153,-1,OK
2285,2.1651697,-0.114676125,-1,OK
2287,-11.114202,9.041992,-1,OK
2289,0.28670397,1.4866254,-1,OK
2291,-11.066868,9.089412,-1,OK
2293,1.9699526,0.033434745,-1,OK
2295,-11.050954,9.105778,-1,OK
2296,-11.09419,9.062206,-1,OK
2297,-11.150791,9.005424,-1,OK
2298,-11.029584,9.128763,-1,OK
2300,-0.012546735,1.18353,-1,OK
2301,1.938685,0.05585508,-1,OK
2302,1.9091194,0.06697725,-1,OK
2304,-1.6154073,0.6048712,8,OK
2306,-7.2780466,13.250986,7,OK
2307,-7.291156,13.264133,7,OK
2309,0.3412545,0.9266369,13,OK
2311,-7.4060264,13.372225,7,OK
2312,-1.3050576,2.929232,-1,OK
2314,-11.735239,2.2388365,-1,OK
2315,-12.190387,2.194914,-1,OK
2317,-1.3562901,2.9656546,-1,OK
2333,-1.4930282,2.5430994,-1,OK
2335,-1.5322078,2.3601317,-1,OK
2337,-1.5483335,2.5642152,-1,OK
2339,-1.4138625,2.7540104,-1,OK
2340,-0.958622,2.5588,-1,OK
2342,-1.2966094,2.940631,-1,OK
2343,-1.3306082,2.9153132,-1,OK
2344,0.017097354,1.381771,-1,OK
2346,-1.9880549,2.1207583,15,OK
2348,-2.0738487,2.3050323,-1,OK
2350,-2.9733684,3.2498012,-1,OK
2351,-2.9884405,3.2416947,-1,OK
2353,-1.7828768,1.0692341,8,OK
2401,-0.9589424,2.4362159,-1,OK
2402,-1.0301993,2.4093091,-1,OK
2403,1.8620383,6.146237,-1,OK
2404,1.8616776,6.0629597,-1,OK
2406,-0.020776378,1.1414701,-1,OK
2474,23.220602,-8.677131,6,OK
2519,6.536834,-6.7043333,-1,OK
2520,23.194376,-8.631862,6,OK
2521,23.185377,-8.648781,6,OK
2522,23.19349,-8.630392,6,OK
2523,23.19219,-8.628647,6,OK
2524,23.186073,-8.640334,6,OK
2525,23.158756,-8.375304,6,OK
2568,-12.927938,-5.4725513,-1,OK
2569,-12.920531,-5.4775643,-1,OK
2570,-7.5968595,19.581238,-1,OK
2571,-7.603328,19.581713,-1,OK
2572,-7.6054683,19.592154,-1,OK
2574,-7.617391,19.606012,-1,OK
2576,-2.5875492,-4.7006288,-1,OK
2608,-3.4139643,1.4567394,-1,OK
2612,-4.371334,1.4081539,10,OK
2614,-4.257701,1.4225365,10,OK
2616,-4.329162,1.327258,10,OK
2618,-4.3758693,1.4061059,-1,OK
2620,-4.359998,1.2299657,10,OK
2622,-4.303689,1.7594978,-1,OK
2624,-3.171459,3.1906703,-1,OK
2626,-1.9568614,-0.09058273,14,OK
2628,-4.3427196,1.7896801,-1,OK
2630,-3.0650513,3.2478065,-1,OK
2658,-2.1218014,1.6988927,-1,OK
2692,-4.3222895,1.779292,-1,OK
2694,-3.032552,3.2288797,-1,OK
2695,-3.0442662,3.227379,-1,OK
2697,-1.9516606,-0.079946585,14,OK
2699,-4.3479156,1.7681738,-1,OK
2701,-2.9703681,3.236207,-1,OK
2704,-1.9758848,-0.10291381,14,OK
2706,-1.8970097,2.450698,-1,OK
2709,-2.9233236,3.169251,-1,OK
2710,-2.9158833,3.1578534,-1,OK
2712,-1.878601,1.8453068,8,OK
2713,-1.9288683,1.810351,8,OK
2737,2.7795367,-0.3573337,17,OK
2739,-11.157247,8.998633,18,OK
2741,2.6045928,-0.21555814,17,OK
2742,2.1837916,-0.119884096,-1,OK
2744,2.1386244,-0.08265922,-1,OK
2746,-11.319003,8.836368,18,OK
2748,2.798649,-0.36027148,17,OK
2750,-11.306676,8.848391,18,OK
2752,2.8506956,-0.39893964,17,OK
2754,-11.37812,8.776661,18,OK
2756,2.7994528,-0.3608315,17,OK
2758,-11.351089,8.803848,18,OK
2760,2.7647488,-0.34131122,17,OK
2762,-11.313064,8.8420925,18,OK
2764,2.6356418,-0.24391025,17,OK
2766,-11.251431,8.904129,18,OK
2768,2.5915158,-0.21356115,17,OK
2770,-11.164296,8.9914875,18,OK
2772,2.5224245,-0.15664326,17,OK
2774,-11.146611,9.009422,18,OK
2776,2.5402746,-0.1623799,17,OK
2778,-0.5019109,7.5198846,19,OK
2780,-6.7891517,12.77958,-1,OK
2782,-0.52128047,7.5118556,19,OK
2784,-6.7789326,12.768882,-1,OK
2786,-0.48020703,7.5311475,19,OK
2788,-4.251382,-2.346688,-1,OK
2791,-2.823096,22.60012,-1,OK
2816,1.330822,9.7424,20,OK
2818,-0.24087167,9.6601305,20,OK
2820,-4.2738914,-2.3860552,21,OK
2822,1.183516,9.13478,20,OK
2824,0.8539524,9.500296,20,OK
2826,2.230253,7.926289,20,OK
2828,-0.17325795,9.651064,20,OK
2829,-2.9716833,3.3041146,-1,OK
2831,3.0505788,5.3590555,20,OK
2833,-2.8787441,22.655817,22,OK
2836,6.2843494,-0.93351805,-1,OK
2907,0.13603097,4.6388955,-1,OK
2908,0.1323505,4.70905,-1,OK
2909,0.11465686,4.6588383,-1,OK
2967,-13.445442,-3.863238,-1,OK
2993,0.19213949,4.826344,-1,OK
2996,1.5076385,6.3062716,-1,OK
2997,1.5028061,6.2805014,20,OK
2998,4.315527,6.5411034,20,OK
3000,4.2966886,6.5433135,20,OK
3002,10.324774,13.051917,23,OK
3019,23.26717,-9.030065,24,OK
3020,23.313711,-9.07125,24,OK
3021,23.284529,-9.056881,24,OK
3022,23.231586,-8.885299,24,OK
3023,23.25636,-9.029808,24,OK
3024,-13.010691,-5.4205866,-1,OK
3026,-11.138994,9.017006,18,OK
3028,2.5933414,-0.21261927,17,OK
3030,-11.124899,9.030265,18,OK
3032,-11.34221,8.81289,18,OK
3034,2.7952595,-0.3381587,17,OK
3036,-11.118258,9.037873,18,OK
3038,2.6018546,-0.21147543,17,OK
3040,-11.175019,8.981142,18,OK
3042,2.5677936,-0.19670574,17,OK
3044,-11.189535,8.966803,18,OK
3046,2.5300117,-0.16191992,17,OK
3049,-11.125051,9.031176,18,OK
3052,2.5332713,-0.17348756,17,OK
3053,2.2987745,6.198143,20,OK
3055,-0.5095319,7.523085,19,OK
3057,-6.8449683,12.834388,-1,OK
3060,-0.5262825,7.5451083,19,OK
3062,-6.899338,12.886338,-1,OK
3064,1.4342796,6.919025,-1,OK
3066,2.6078663,5.861596,20,OK
3068,-2.781985,22.560024,-1,OK
3070,2.599767,5.8589807,20,OK
3072,-2.7933831,22.5711,-1,OK
3083,23.290829,-9.025152,24,OK
3086,23.31361,-9.085643,24,OK
3087,23.344362,-9.119649,24,OK
3088,23.241365,-9.001418,24,OK
3094,23.269157,-9.003399,24,OK
3095,23.235304,-8.99239,24,OK
3101,23.283672,-9.030158,24,OK
3102,23.278885,-9.015963,24,OK
3104,23.293491,-9.057835,24,OK
3107,-13.81069,-4.740113,25,OK
3120,-3.9074996,-1.8227844,-1,OK
3122,-3.5488927,-4.8772244,-1,OK
3124,-4.004336,-1.9081919,-1,OK
3126,-3.9063063,-1.847553,-1,OK
3127,-3.9049222,-1.8349926,-1,OK
3129,-3.8587294,-1.4677404,27,OK
3131,-3.9047105,-1.7983291,-1,OK
3133,1.9982384,6.2474203,-1,OK
3134,2.4373422,6.0197086,20,OK
3135,2.0636015,6.656717,20,OK
3136,2.131951,6.5939217,20,OK
3137,2.1258793,6.649346,20,OK
3139,1.175124,9.125005,20,OK
3141,2.1770256,6.31134,20,OK
3143,1.7886053,6.58138,20,OK
3145,1.0790364,8.690395,20,OK
3147,2.7336493,5.6975784,20,OK
3148,2.5340707,5.924467,20,OK
3149,1.086787,8.661298,20,OK
3151,0.8528224,6.298741,-1,OK
3153,1.8412824,6.1093893,-1,OK
3155,-12.689404,2.170197,26,OK
3157,2.6329026,5.804246,20,OK
3159,-12.806225,2.1748757,26,OK
3161,-12.841874,2.1764526,26,OK
3164,0.85365343,6.3182406,-1,OK
3166,-12.581331,2.1685233,26,OK
3168,-12.655694,2.1686542,26,OK
3169,-12.606074,2.1700675,26,OK
3170,-12.54277,2.167746,26,OK
3172,2.1180773,6.157149,20,OK
3174,-12.609547,2.1710277,26,OK
3175,-12.53102,2.1685758,26,OK
3177,2.0030754,6.155778,-1,OK
3179,2.641575,5.805799,20,OK
3196,23.254066,-9.053313,24,OK
3197,-13.215854,-4.3081193,-1,OK
3198,-3.8213642,-1.5850427,-1,OK
3200,-3.8264782,-1.5732604,27,OK
3202,-3.8302443,-1.5524948,27,OK
3204,-3.8822367,-1.6045381,27,OK
3205,-13.163706,-4.2541084,-1,OK
3207,-13.206646,-4.286218,-1,OK
3209,-3.9291768,-1.7592881,-1,OK
3211,-3.9206445,-1.2123392,-1,OK
3213,2.0798893,6.4426622,20,OK
3214,2.1539311,6.574864,20,OK
3216,2.1174836,6.7507024,20,OK
3218,2.3316095,6.122915,20,OK
3219,-13.412209,-4.982404,25,OK
3220,2.2895064,6.1543016,20,OK
3221,2.3056033,6.1259813,20,OK
3222,2.3217611,6.103842,20,OK
3224,2.4182775,6.0702343,20,OK
3225,2.213165,6.284638,20,OK
3227,2.085921,6.590791,20,OK
3229,-2.5764818,-4.809447,-1,OK
3230,-3.9164088,-4.9024143,-1,OK
3231,0.9899791,9.586526,-1,OK
3233,2.1425207,6.5788426,20,OK
3235,2.2440994,6.0997305,20,OK
3236,-13.486718,-4.9969864,25,OK
3239,-2.0380692,-4.77682,-1,OK
3240,-2.0607088,-4.790136,-1,OK
3242,-2.0587702,-4.789774,-1,OK
3244,-13.670871,-4.9851227,25,OK
3246,-14.504466,-4.7886133,-1,OK
3249,-14.155939,-4.76855,-1,OK
3252,-14.543052,-4.7865663,-1,OK
3254,-13.780096,-4.7361155,25,OK
3256,-13.873141,-4.685763,-1,OK
3258,-13.509565,-5.060832,25,OK
3260,-13.912093,-4.700302,-1,OK
3263,-13.787599,-4.751721,25,OK
3275,-13.292778,-5.2684336,-1,OK
3282,2.0823536,6.371992,-1,OK
3285,-0.2309729,9.6946745,20,OK
3304,2.5487,-0.1758129,17,OK
3318,23.363554,-9.118903,24,OK
3319,23.250057,-8.96704,24,OK
3346,-3.8263202,-4.884566,-1,OK
3347,-3.8093972,-4.863694,-1,OK
3349,-15.454864,-0.87654525,-1,OK
3350,-15.452495,-0.8801319,-1,OK
3351,-2.0343869,-4.7941885,-1,OK
3352,-2.1107466,-4.793518,-1,OK
3353,-15.452516,-0.88001966,-1,OK
3354,-15.452639,-0.87992185,-1,OK
3355,-3.808769,-4.8834696,-1,OK
3357,-15.454236,-0.87801945,-1,OK
3359,-2.1046953,-4.810065,-1,OK
3444,23.293941,-9.008543,24,OK
3445,23.251368,-9.037773,24,OK
3446,23.325766,-9.075106,24,OK
3447,23.274746,-9.045337,24,OK
3448,23.224194,-8.786035,24,OK
3449,23.300144,-9.021789,24,OK
3450,23.181702,-9.12132,24,OK
3451,23.285955,-9.025695,24,OK
3452,23.314617,-9.09765,24,OK
3453,23.208967,-9.044932,24,OK
3454,23.174856,-9.140458,24,OK
3455,23.264753,-9.0652485,24,OK
3474,-13.24286,-4.3399115,-1,OK
3477,14.678417,-0.16218828,28,OK
3478,-3.827814,-1.6032721,-1,OK
3480,-12.99009,2.1924946,26,OK
3484,2.9098945,5.5024405,20,OK
3486,-12.965525,2.195389,26,OK
3488,2.882615,5.5326834,20,OK
3490,-12.945172,2.1918142,26,OK
3492,2.8489807,5.5646796,20,OK
3494,-12.964068,2.1912587,26,OK
3495,2.6422188,5.803403,20,OK
3497,-12.984205,2.1923027,26,OK
3499,2.8582273,5.5574474,20,OK
3500,-12.962227,2.1866426,26,OK
3502,2.8745012,5.5397997,20,OK
3504,-12.981067,2.1913207,26,OK
3506,2.88059,5.5334177,20,OK
3527,-3.7895644,-2.1593423,-1,OK
3528,-3.7759676,-2.1365566,-1,OK
3529,-3.7868423,-2.1445186,-1,OK
3530,-14.044727,-5.268071,-1,OK
3531,-12.957067,2.1866581,26,OK
3532,-14.030926,-5.267877,-1,OK
3533,-12.951466,2.1841795,26,OK
3535,2.8271327,5.589501,20,OK
3536,-7.091027,18.708998,-1,OK
3538,-7.090662,18.709167,-1,OK
3539,1.1513721,9.553923,-1,OK
3540,1.206228,9.617002,-1,OK
3542,0.94083124,9.587202,20,OK
3544,-0.52681136,7.4930787,19,OK
3545,2.0141785,6.6471457,20,OK
3546,-7.2875414,18.891047,-1,OK
3548,1.3756018,8.101256,20,OK
3549,0.2240424,6.7977543,19,OK
3552,0.67432445,6.4989266,-1,OK
3554,6.471714,-1.2541267,-1,OK
3556,5.7659054,-0.8256482,-1,OK
3558,6.485782,-1.2789936,-1,OK
3605,-13.20511,-4.2935963,-1,OK
3608,-3.6128886,-1.4071599,27,OK
3668,-13.1500635,-4.290154,-1,OK
3670,-7.539501,18.908312,-1,OK
3711,1.3839196,9.774518,-1,OK
3712,1.1945755,9.600288,-1,OK
3714,-3.752441,-1.5293938,27,OK
3715,-3.6881325,-1.4615451,27,OK
3716,-3.7056506,-1.4854685,27,OK
3718,-3.7861228,-2.1386113,-1,OK
3720,1.180498,9.069756,20,OK
3722,1.670227,6.555063,20,OK
3724,1.232755,9.006697,20,OK
3726,1.9977556,6.7040954,20,OK
3728,1.1415695,8.69861,20,OK
3730,-13.854291,-4.7267523,-1,OK
3732,-0.45864323,7.471903,19,OK
3734,0.39118737,9.467303,20,OK
3736,0.9070673,9.632467,20,OK
3738,-0.48814586,7.494976,19,OK
3740,1.383516,8.08837,20,OK
3742,0.24774536,6.7872243,19,OK
3744,0.5289034,9.669095,20,OK
3746,2.0766509,7.7457957,20,OK
3748,0.51927423,9.707784,20,OK
3750,2.0762837,7.7504363,20,OK
3752,-2.8179529,22.596703,-1,OK
3754,-2.839093,22.617933,-1,OK
3757,-3.7804582,-2.7100003,-1,OK
3772,-4.105474,-2.2270422,-1,OK
3775,14.678441,-0.16219583,28,OK
3776,-7.443553,19.26581,-1,OK
3777,14.678407,-0.16218789,28,OK
3778,14.678424,-0.16218603,28,OK
3779,14.678388,-0.1622053,28,OK
3780,14.676836,-0.16210712,28,OK
3781,14.678368,-0.16219625,28,OK
3784,-3.650927,-1.429319,27,OK
3786,-3.787955,-2.1524332,-1,OK
3790,1.1110063,8.66154,20,OK
3792,1.0771314,6.5029845,20,OK
3794,1.1107932,8.662506,20,OK
3796,-0.48785907,7.4924855,19,OK
3798,1.2147244,9.264775,20,OK
3800,-0.4740988,7.48009,19,OK
3802,-2.0696678,-4.78862,-1,OK
3804,-3.9706316,-4.9298143,-1,OK
3805,-3.9811904,-4.9506426,-1,OK
3806,0.23497246,6.786009,19,OK
3808,0.46502608,9.710505,20,OK
3839,1.3605196,9.760727,20,OK
3841,-0.128386,9.6133175,20,OK
3843,-4.2731395,-2.371489,21,OK
3845,2.054472,7.1240783,20,OK
3847,0.23999187,9.497521,20,OK
3861,0.21356139,4.926804,-1,OK
3888,0.47440964,5.282851,-1,OK
3890,-0.031332947,5.2478557,20,OK
3944,-13.284442,-5.259449,-1,OK
3945,-0.45878273,7.469553,19,OK
3947,-0.4648536,7.4737396,19,OK
3950,-13.307508,-5.2686777,-1,OK
3951,-13.309897,-5.2563057,-1,OK
3964,23.274382,-9.063334,24,OK
4011,23.290316,-9.092534,24,OK
4012,23.222704,-9.1445465,24,OK
4013,23.2208,-9.04199,-1,OK
4014,23.38184,-9.171383,-1,OK
4015,23.407534,-9.18436,-1,OK
4016,23.273922,-9.079388,24,OK
4025,0.22715047,5.0863895,20,OK
4027,0.091477506,5.107626,-1,OK
4029,0.18128948,5.071248,20,OK
4031,0.50784725,9.611169,20,OK
4033,-0.465855,7.4744263,19,OK
4036,-3.6331487,-1.4167943,27,OK
4038,-3.5561137,-3.0031023,21,OK
4039,-3.5682473,-2.9894283,21,OK
4042,-3.556022,-3.0047395,21,OK
4043,-3.5704086,-2.9847667,21,OK
4058,-15.497585,-5.1798677,31,OK
4060,1.6737314,7.597235,-1,OK
4062,9.749642,14.939461,20,OK
4064,-2.8578863,22.636724,22,OK
4066,6.3093324,-0.9175154,-1,OK
4068,9.753338,14.929608,20,OK
4070,10.365023,13.088431,23,OK
4072,6.784678,-1.3295412,-1,OK
4093,23.191824,-9.120845,24,OK
4111,23.178116,-8.989218,24,OK
4123,-3.627025,-1.4216001,27,OK
4124,-7.445604,18.941458,-1,OK
4125,-7.4649825,18.980988,-1,OK
4126,-7.447596,18.997765,-1,OK
4127,-13.205281,-4.2906227,-1,OK
4128,-3.6395013,-1.4278903,27,OK
4137,-4.2072487,-2.368811,21,OK
4138,-7.402322,19.28826,-1,OK
4139,-7.4104147,19.250992,-1,OK
4140,-7.407987,19.259604,-1,OK
4142,-3.4755712,-3.0614684,-1,OK
4144,-0.46565697,7.4758973,19,OK
4146,1.9883847,7.6223454,-1,OK
4148,0.26233023,9.629317,20,OK
4150,0.2465056,6.770171,19,OK
4152,0.47751263,5.5984907,20,OK
4154,-0.09084991,9.511404,-1,OK
4156,1.0757383,7.547544,-1,OK
4158,0.466362,5.5853157,20,OK
4160,-3.4591815,-3.0907025,21,OK
4161,-3.4428494,-3.110673,21,OK
4163,6.933346,-0.9883989,29,OK
4165,6.770504,-1.2835382,-1,OK
4167,10.357463,13.080268,23,OK
4169,-13.082064,-3.894935,-1,OK
4171,6.9857388,-1.4046719,-1,OK
4173,6.9773474,-1.1941288,-1,OK
4175,4.4712243,6.5858135,20,OK
4177,-2.8156366,22.594498,22,OK
4179,9.738854,14.951181,20,OK
4203,-13.257828,-4.361403,-1,OK
4212,4.457155,6.5994387,20,OK
4214,-2.833555,22.61216,22,OK
4216,9.713616,14.976868,20,OK
4265,7.0216804,-1.0494336,-1,OK
4266,-7.444743,18.74482,-1,OK
4268,6.995224,-1.361153,-1,OK
4270,7.0363984,-1.1666898,-1,OK
4324,4.492216,6.570837,20,OK
4326,-2.8543549,22.633549,22,OK
4328,9.696219,14.994788,20,OK
4330,-2.8810918,22.660063,22,OK
4409,10.3887205,13.106817,23,OK
4410,10.389172,13.111167,23,OK
4412,9.734697,14.949278,20,OK
4414,6.9726224,-1.019428,29,OK
4416,6.6872106,-0.730265,29,OK
4418,6.6706676,-0.7536616,29,OK
4420,5.4341574,-0.7715487,30,OK
4422,5.47912,-0.7833366,30,OK
4424,6.80126,-1.314848,-1,OK
4441,0.1583471,6.958547,20,OK
4442,0.1802711,6.9380474,20,OK
4444,1.6942531,6.6952906,-1,OK
4446,2.7893698,-0.35218236,17,OK
4448,0.22075592,5.081757,20,OK
4450,0.1725363,5.081691,20,OK
4452,1.3552251,9.759287,20,OK
4454,0.25796157,5.246472,20,OK
4456,2.2173722,7.909692,20,OK
4458,-0.13636735,9.627905,20,OK
4459,3.084914,5.321112,20,OK
4461,3.1084845,5.2970157,20,OK
4463,-3.4441833,-3.107105,21,OK
4467,6.950078,-0.6703267,-1,OK
4469,6.977982,-0.6956362,-1,OK
4471,6.9413295,-0.68697125,-1,OK
4473,6.9432983,-0.6845184,-1,OK
4475,5.436715,-0.7690107,30,OK
4477,6.5485835,-0.7798801,29,OK
4479,5.4916453,-0.80845475,-1,OK
4480,5.4944644,-0.78894746,30,OK
4494,4.546575,6.5318937,20,OK
4496,-2.8461168,22.625208,22,OK
4498,9.732176,14.957952,20,OK
4512,-3.4441757,-3.105929,21,OK
4513,-7.392977,19.307398,-1,OK
4514,-7.391076,19.30163,-1,OK
4516,4.455806,6.60349,20,OK
4518,-2.8620646,22.635942,22,OK
4567,-0.05866976,5.285344,20,OK
4569,2.2452533,7.9386806,20,OK
4571,-0.44871527,9.677719,20,OK
4573,3.150855,5.2412953,20,OK
4575,-15.846741,9.9415865,22,OK
4577,4.9503107,6.2559457,20,OK
4579,-15.840227,9.935261,22,OK
4581,4.9710293,6.2341084,20,OK
4583,-15.840617,9.93563,22,OK
4585,4.9727635,6.233139,20,OK
4629,-15.850843,9.947058,22,OK
4631,4.9600163,6.246111,20,OK
4645,0.8396556,6.3266835,-1,OK
4647,0.05263259,9.490823,-1,OK
4649,1.3779007,7.2890925,20,OK
4651,3.1683376,5.2184815,20,OK
4653,-0.40734717,9.682789,20,OK
4655,2.2435231,7.9261785,20,OK
4657,4.880133,6.327823,20,OK
4659,-15.861692,9.962872,22,OK
4674,2.2264533,7.904595,20,OK
4676,-13.8234625,-4.7522907,25,OK
4677,-13.802061,-4.721286,25,OK
4679,-0.31893778,9.639375,20,OK
4681,3.1479278,5.2471843,20,OK
4683,2.253673,7.940723,20,OK
4685,-0.30142424,9.647128,20,OK
4687,3.1638691,5.2279553,20,OK
4702,-0.38440976,9.693237,20,OK
4703,-0.40238127,9.686538,20,OK
4705,-4.2911577,-2.4005227,21,OK
4707,-15.884737,9.986573,22,OK
4708,-15.860558,9.963888,22,OK
4709,4.8284197,6.3680363,20,OK
4710,-15.486386,-5.17026,31,OK
4712,-15.92233,10.023952,22,OK
4714,4.8894353,6.3220577,20,OK
4729,2.2489567,7.932877,20,OK
4731,-0.4307496,9.714839,20,OK
4733,3.1489694,5.2468295,20,OK
4735,-4.288464,-2.3621645,21,OK
4737,-0.3510148,9.666331,20,OK
4739,-15.888364,9.990153,22,OK
4741,4.858028,6.3474174,20,OK
4756,1.366769,9.755424,20,OK
4758,3.1618905,5.2298436,20,OK
4760,-0.3842201,9.657646,20,OK
4762,4.4572177,6.6086698,20,OK
4764,-2.8664815,22.645454,22,OK
4766,9.754638,14.937422,20,OK
4768,9.69241,14.998485,20,OK
4770,4.889385,6.319254,20,OK
4772,-15.939548,10.041358,22,OK
4774,9.738794,14.952619,20,OK
4790,2.2362735,7.9269943,20,OK
4791,2.237949,7.967115,20,OK
4793,-0.29973873,9.640795,20,OK
4794,-13.953239,-4.7433276,-1,OK
4796,3.0295787,5.380026,20,OK
4797,-13.451156,-5.057297,25,OK
4799,4.4361897,6.625438,20,OK
4800,-15.479556,-5.173347,31,OK
4802,-2.8771954,22.655973,22,OK
4803,-15.906428,10.009474,22,OK
4805,9.756787,14.934032,20,OK
4806,-15.480871,-5.1628666,31,OK
4808,4.8321295,6.364797,20,OK
4809,-15.4874115,-5.169576,31,OK
4811,-15.896518,9.9996605,22,OK
4812,-14.006396,-5.228691,-1,OK
4814,9.705807,14.985239,20,OK
4815,-15.506511,-5.1447525,31,OK
4817,4.8471923,6.352562,20,OK
4818,-15.513707,-5.1438017,31,OK
4820,-15.894751,10.00269,22,OK
4821,-14.035777,-5.2603908,-1,OK
4823,9.735662,14.955331,20,OK
4824,-15.468548,-5.151093,31,OK
4826,4.8273635,6.370622,20,OK
4827,-15.464225,-5.172214,31,OK
4829,-15.909191,10.014164,22,OK
4830,-14.018411,-5.2363343,-1,OK
4832,9.715427,14.973362,20,OK
4833,-15.479137,-5.1590047,31,OK
4869,0.31307375,5.19477,20,OK
4871,-4.2716985,-2.38747,21,OK
4873,-0.27078494,9.606421,20,OK
4874,-0.13487197,9.624285,20,OK
4876,1.3652053,9.782753,20,OK
4878,1.3823632,9.742407,20,OK
4880,-0.38928077,9.672436,20,OK
4881,-0.42199033,9.682041,20,OK
4883,-4.2467947,-2.3969717,21,OK
4898,0.34316853,5.539288,20,OK
4909,-3.4576838,-3.1123817,21,OK
4912,-3.4147754,-3.141351,21,OK
4914,-3.4290955,-3.1317813,21,OK
4916,10.418173,13.143695,23,OK
4943,10.426276,13.15175,23,OK
4944,10.433337,13.158503,23,OK
4945,10.42429,13.149825,23,OK
4946,10.353644,13.080447,23,OK
4947,10.4488945,13.174336,23,OK
4948,10.351728,13.074563,23,OK
4980,10.321448,13.046582,23,OK
5063,-14.50021,-4.7926226,-1,OK
5064,-7.1103888,18.399527,-1,OK
5107,-14.480493,-4.7909822,-1,OK
5108,-7.091139,18.381512,-1,OK
5109,-7.1110396,18.403975,-1,OK
5110,-7.068501,18.365162,-1,OK
5160,3.3339756,14.869654,-1,OK
5161,3.886057,15.006107,-1,OK
5163,3.3210013,14.862392,-1,OK
5165,3.2926383,14.8815,-1,OK
5166,3.8958955,15.019648,-1,OK
5179,3.7573743,14.94432,-1,OK
5181,3.63343,14.921464,-1,OK
5183,3.6551504,14.951981,-1,OK
5185,3.6645865,14.958783,-1,OK
5186,3.407792,14.873181,-1,OK
5188,2.5147605,15.507906,-1,OK
5190,3.0694625,16.403679,-1,OK
5192,3.035309,16.451088,-1,OK
5194,3.042502,16.45008,-1,OK
5196,3.0018613,16.457706,-1,OK
5198,3.0339434,16.457088,-1,OK
5200,3.0137966,16.458036,-1,OK
5202,3.0149255,16.409939,-1,OK
5227,-13.264031,-4.3425617,-1,OK
5228,-0.034000833,5.312044,20,OK
5230,5.5546618,-0.854217,30,OK
5231,-13.361709,-3.8579013,-1,OK
5233,-13.354742,-3.8431978,-1,OK
5268,1.349853,9.743917,20,OK
5270,5.470802,-0.7982805,30,OK
5272,5.529778,-0.81098866,-1,OK
5274,5.8500514,-0.8279279,32,OK
5289,1.3778801,9.784537,20,OK
5291,-0.061684415,9.55298,20,OK
5294,-4.276678,-2.3788662,21,OK
5296,2.7799716,-0.32873115,-1,OK
5298,-2.8828375,22.661222,22,OK
5300,4.4879,6.5698805,20,OK
5335,1.0767491,6.2717996,20,OK
5336,-7.123481,18.556967,-1,OK
5338,1.3656769,6.896181,20,OK
5340,-0.12677109,5.3167753,20,OK
5342,0.48233715,5.670158,20,OK
5345,0.47765118,5.4020324,20,OK
5348,0.4151937,5.539534,20,OK
5351,-0.07517721,5.29166,20,OK
5353,-0.09266051,5.2752914,20,OK
5355,-0.083290055,5.277939,20,OK
5357,0.3235491,5.558494,20,OK
5359,5.6630626,-0.82176274,32,OK
5360,0.19780503,5.4308357,20,OK
5362,0.31314072,5.591831,20,OK
5378,1.43953,7.1104393,20,OK
5380,0.15012142,9.512714,20,OK
5382,1.0921062,6.4901977,20,OK
5384,0.33136562,5.5701017,20,OK
5386,0.00904847,9.473343,-1,OK
5388,0.69863886,6.4690857,-1,OK
5390,0.21746084,5.4705863,20,OK
5392,0.11411408,9.424968,-1,OK
5394,0.47606924,5.386969,-1,OK
5396,0.8588087,6.3075747,-1,OK
5398,1.8860921,7.47779,-1,OK
5400,0.4650845,5.582102,20,OK
5402,1.9215763,7.5197616,-1,OK
5403,-13.918089,-5.0754375,-1,OK
5405,2.621775,5.827026,20,OK
5406,4.5879626,6.4951267,20,OK
5408,0.45708814,5.6758842,20,OK
5410,10.325241,13.049479,23,OK
5428,0.8431922,6.2946777,-1,OK
5430,1.9018279,7.502659,-1,OK
5432,0.2976034,5.030664,-1,OK
5434,1.9012996,7.488782,-1,OK
5436,-0.1025138,5.2896647,20,OK
5438,-0.071893945,5.256375,20,OK
5439,-14.515606,-4.7947702,-1,OK
5440,-14.535879,-4.8116317,-1,OK
5441,0.49258164,5.7128353,20,OK
5442,-14.489383,-4.786055,-1,OK
5445,0.47073624,5.4138274,20,OK
5448,0.40152723,5.5586314,20,OK
5451,0.4425847,5.407009,20,OK
5454,0.51636094,5.709252,20,OK
5470,6.5255265,-0.76062155,29,OK
5471,-7.4542265,18.68017,-1,OK
5473,-2.9023333,22.681376,22,OK
5475,4.474267,6.580569,20,OK
5491,2.7401907,-0.30023184,-1,OK
5493,-2.855883,22.63484,22,OK
5494,-2.876591,22.655313,22,OK
5496,4.472186,6.613308,20,OK
5513,-13.554614,-5.0192986,25,OK
5514,-13.541054,-5.045924,25,OK
5517,0.3780341,5.622889,20,OK
5520,0.49714652,5.6382203,20,OK
5523,1.1327419,8.676561,20,OK
5525,1.8634157,6.5708084,20,OK
5527,-13.442538,-4.882506,25,OK
5529,-2.0812569,-4.791246,-1,OK
5531,-3.9440973,-4.9202347,-1,OK
5532,0.22944103,6.7967844,19,OK
5534,-2.5120723,-4.8148003,-1,OK
5536,1.994764,6.6729856,20,OK
5538,5.767633,-0.81411135,32,OK
5540,5.0557427,-0.7588239,-1,OK
5542,5.581597,-0.80764025,30,OK
5543,6.1350255,-0.8575688,-1,OK
5546,5.9312463,-0.8083295,-1,OK
5549,6.144704,-0.88332504,-1,OK
5568,2.248887,7.9434237,20,OK
5570,-0.19665404,9.659835,20,OK
5572,3.0411198,5.3744254,20,OK
5587,-13.322056,-3.8493102,-1,OK
5589,5.036834,-0.7580156,-1,OK
5591,5.8581614,-0.7964443,32,OK
5593,5.810907,-0.8266799,32,OK
5595,5.057164,-0.7598799,-1,OK
5597,5.963195,-0.85553294,32,OK
5664,1.341105,9.750466,20,OK
5665,-13.277844,-4.319405,-1,OK
5668,1.137304,8.672094,20,OK
5670,1.7022715,6.6801577,20,OK
5673,1.9187527,6.587427,20,OK
5674,0.36711302,9.434536,20,OK
5676,1.8493233,6.7578354,20,OK
5677,-13.5851145,-4.957282,25,OK
5679,2.8969436,5.5379157,20,OK
5681,0.5796232,9.668596,20,OK
5683,2.0976963,7.658079,20,OK
5685,2.9316506,5.477694,20,OK
5686,-13.516395,-5.021385,25,OK
5688,-3.4722097,-3.0461445,21,OK
5705,1.1364007,8.700739,20,OK
5707,-3.3585,-3.1922934,21,OK
5708,1.1723931,8.66633,20,OK
5710,0.53216535,9.649721,20,OK
5711,0.52176553,9.746567,20,OK
5713,2.9065452,5.504973,20,OK
5715,2.077438,7.6805463,20,OK
5717,0.49827945,9.665029,20,OK
5718,0.47497958,9.65403,20,OK
5720,7.0787263,-1.4024724,-1,OK
5723,-3.4927664,-3.0286288,21,OK
5726,7.0580134,-1.323079,-1,OK
5771,-0.06382518,5.2709494,20,OK
5902,1.3581897,7.327129,20,OK
5903,1.3579044,7.319962,20,OK
5904,1.3798777,7.341139,20,OK
5905,1.3746997,7.332293,20,OK
5906,-7.126867,18.401846,-1,OK
5908,6.662651,-0.68470156,29,OK
5910,6.720245,-0.8419587,-1,OK
5912,7.1536207,-0.53525263,-1,OK
5915,-12.944627,-3.7303813,-1,OK
5917,7.169519,-0.48338693,-1,OK
5920,6.9870687,-1.0320851,29,OK
5923,7.1978984,-0.45378652,-1,OK
5924,-12.926659,-3.7235777,-1,OK
5926,7.1570816,-0.5314608,-1,OK
5928,6.6338363,-0.72572607,29,OK
5931,6.7092166,-0.8561564,29,OK
5933,-13.119049,-3.8935568,-1,OK
5936,6.783836,-0.89559996,29,OK
5937,7.0826,-1.2858816,-1,OK
5939,-13.120888,-3.927369,-1,OK
5940,-13.108057,-3.9134045,-1,OK
5962,-13.301968,-4.3707013,-1,OK
5963,1.379732,7.3393707,20,OK
5965,1.149172,8.633916,20,OK
5967,0.9803353,9.238471,20,OK
5970,2.1262138,7.7226806,20,OK
5974,0.4465624,9.649667,20,OK
5975,7.133504,-0.5466514,-1,OK
5977,-12.923969,-3.7154353,-1,OK
5981,-12.927713,-3.724903,-1,OK
5982,0.17592753,9.501905,-1,OK
5984,9.7142315,14.976593,20,OK
5985,5.8662186,-0.827985,32,OK
5987,7.169372,-0.47079465,-1,OK
6018,23.404306,-8.920534,24,OK
6027,-3.623189,-2.90746,-1,OK
6028,-3.6709843,-2.8580742,-1,OK
6029,6.5061665,-6.7184873,-1,OK
6030,6.481289,-6.7415566,-1,OK
6038,7.0799437,-1.3673763,-1,OK
6042,7.12962,-1.2778939,-1,OK
6045,-11.289964,8.865183,-1,OK
6049,7.125851,-1.3136299,-1,OK
6050,7.12272,-1.3127351,-1,OK
6182,-0.50507194,7.5095325,19,OK
6202,-13.309285,-3.8541741,-1,OK
6292,7.0275946,-1.4189081,-1,OK
6294,6.1347623,-0.89892757,-1,OK
6325,23.255466,-9.116403,24,OK
6327,23.236864,-9.005297,24,OK
6332,23.165827,-8.9602375,24,OK
6360,-4.0195074,-4.955843,-1,OK
6361,-4.0337687,-4.9561477,-1,OK
6462,-13.38519,-5.227168,-1,OK
6463,-13.390661,-5.224975,-1,OK
6470,0.25745627,6.755638,-1,OK
6471,-7.110417,18.665035,-1,OK
6472,-7.0861673,18.69361,-1,OK
6473,7.068723,-1.3970239,-1,OK
6550,10.33196,13.055701,23,OK
6551,10.293532,13.017995,23,OK
6553,5.4235682,-0.752894,30,OK
6555,10.325094,13.049758,23,OK
6557,5.398564,-0.7500481,30,OK
6606,10.329656,13.054659,23,OK
6608,6.907706,-0.9938545,29,OK
6610,5.4071565,-0.7086565,30,OK
6611,5.4249096,-0.76331747,30,OK
6613,7.004929,-1.072102,29,OK
6615,6.485461,-1.1751273,-1,OK
6617,4.8578854,-0.7402518,-1,OK
6618,4.856653,-0.7416953,-1,OK
6619,4.84685,-0.73981893,-1,OK
6621,-3.6415818,-2.439119,-1,OK
6623,6.524466,-1.1834699,-1,OK
6625,-3.6435323,-2.436234,-1,OK
6627,-3.6445715,-2.4456143,-1,OK
6629,6.9884,-1.0710474,29,OK
6631,6.602252,-0.72049683,29,OK
6633,6.915474,-0.97387445,29,OK
6635,6.6362367,-0.7633689,29,OK
6637,6.94779,-0.9686915,29,OK
33,14.186443,10.724586,-1,ERROR
40,14.248098,10.786698,-1,ERROR
129,13.823886,9.6787195,-1,ERROR
358,14.222463,10.761165,-1,ERROR
516,14.1685705,10.677277,-1,ERROR
552,14.281931,10.821715,-1,ERROR
885,14.243832,10.782488,-1,ERROR
912,14.237451,10.776829,-1,ERROR
926,14.168609,10.707957,-1,ERROR
1082,14.266147,10.805254,-1,ERROR
1249,14.22626,10.765161,-1,ERROR
1507,14.17488,10.714385,-1,ERROR
1829,14.274562,10.814134,-1,ERROR
1892,14.190716,10.729918,-1,ERROR
2074,14.175862,10.715543,-1,ERROR
2319,14.061733,10.604124,-1,ERROR
2331,14.222915,10.764044,-1,ERROR
2790,14.233109,10.767959,-1,ERROR
3084,13.816749,9.663257,-1,ERROR
3085,13.809288,9.646393,-1,ERROR
3109,14.103315,10.645358,-1,ERROR
3223,14.212033,10.7516575,-1,ERROR
3443,13.816084,9.661623,-1,ERROR
3551,14.06988,10.614422,-1,ERROR
3952,14.220576,10.760582,-1,ERROR
3963,13.816682,9.663099,-1,ERROR
4035,14.328895,10.867884,-1,ERROR
4465,14.0766945,10.619672,-1,ERROR
4472,14.235421,10.774464,-1,ERROR
4910,14.247013,10.787572,-1,ERROR
4942,14.075319,10.618956,-1,ERROR
5164,14.058083,10.597081,-1,ERROR
5427,14.119332,10.65993,-1,ERROR
5672,14.2004175,10.740247,-1,ERROR
5916,14.12737,10.667964,-1,ERROR
6289,14.200682,10.736971,-1,ERROR
6549,14.030711,10.580067,-1,ERROR
6604,13.996154,10.543616,-1,ERROR
